Filename,TrueLabel,PredictedLabel,Confidence
crazing_67.jpg,Crazing,Crazing,0.9958
crazing_228.jpg,Crazing,Crazing,0.9997
crazing_142.jpg,Crazing,Crazing,0.9992
crazing_128.jpg,Crazing,Crazing,0.9971
crazing_254.jpg,Crazing,Crazing,1.0000
crazing_139.jpg,Crazing,Crazing,0.9959
crazing_246.jpg,Crazing,Crazing,0.9991
crazing_285.jpg,Crazing,Crazing,0.9997
crazing_95.jpg,Crazing,Crazing,0.9992
crazing_220.jpg,Crazing,Crazing,0.9994
crazing_45.jpg,Crazing,Crazing,0.9996
crazing_206.jpg,Crazing,Crazing,0.9974
crazing_248.jpg,Crazing,Crazing,0.9998
crazing_210.jpg,Crazing,Crazing,0.9814
crazing_226.jpg,Crazing,Crazing,0.9998
crazing_178.jpg,Crazing,Crazing,0.9985
crazing_196.jpg,Crazing,Crazing,0.9995
crazing_134.jpg,Crazing,Crazing,0.9979
crazing_211.jpg,Crazing,Crazing,0.9889
crazing_192.jpg,Crazing,Crazing,0.9998
crazing_251.jpg,Crazing,Crazing,0.9997
crazing_161.jpg,Crazing,Crazing,0.9968
crazing_71.jpg,Crazing,Crazing,0.9998
crazing_53.jpg,Crazing,Patches,0.9640
crazing_252.jpg,Crazing,Crazing,0.9998
crazing_262.jpg,Crazing,Crazing,0.9794
crazing_260.jpg,Crazing,Crazing,0.9993
crazing_106.jpg,Crazing,Crazing,0.9923
crazing_113.jpg,Crazing,Crazing,0.9997
crazing_17.jpg,Crazing,Crazing,0.9989
crazing_89.jpg,Crazing,Crazing,0.8685
crazing_167.jpg,Crazing,Crazing,0.9996
crazing_74.jpg,Crazing,Crazing,0.9905
crazing_135.jpg,Crazing,Crazing,0.9951
crazing_121.jpg,Crazing,Crazing,0.9973
crazing_257.jpg,Crazing,Crazing,0.9996
crazing_32.jpg,Crazing,Crazing,0.9995
crazing_295.jpg,Crazing,Crazing,0.9967
crazing_23.jpg,Crazing,Crazing,0.9986
crazing_22.jpg,Crazing,Crazing,0.9940
crazing_159.jpg,Crazing,Crazing,0.9997
crazing_140.jpg,Crazing,Crazing,0.9896
crazing_36.jpg,Crazing,Crazing,0.9986
crazing_261.jpg,Crazing,Crazing,0.9993
crazing_274.jpg,Crazing,Crazing,0.9985
crazing_62.jpg,Crazing,Crazing,0.9996
crazing_174.jpg,Crazing,Crazing,0.9773
crazing_116.jpg,Crazing,Crazing,0.9846
crazing_213.jpg,Crazing,Crazing,0.9773
crazing_234.jpg,Crazing,Crazing,0.9970
crazing_205.jpg,Crazing,Crazing,0.9984
crazing_14.jpg,Crazing,Crazing,0.9946
crazing_286.jpg,Crazing,Crazing,0.9846
crazing_104.jpg,Crazing,Crazing,0.9967
crazing_54.jpg,Crazing,Crazing,0.9961
crazing_158.jpg,Crazing,Crazing,0.9991
crazing_160.jpg,Crazing,Crazing,0.9996
crazing_152.jpg,Crazing,Crazing,0.9974
crazing_75.jpg,Crazing,Crazing,0.9972
crazing_273.jpg,Crazing,Crazing,0.9973
crazing_202.jpg,Crazing,Crazing,0.9999
crazing_12.jpg,Crazing,Crazing,0.9960
crazing_43.jpg,Crazing,Crazing,0.9986
crazing_5.jpg,Crazing,Crazing,0.9998
crazing_119.jpg,Crazing,Crazing,0.9985
crazing_60.jpg,Crazing,Crazing,0.9992
crazing_256.jpg,Crazing,Crazing,0.9971
crazing_219.jpg,Crazing,Crazing,0.9267
crazing_179.jpg,Crazing,Crazing,0.9997
crazing_94.jpg,Crazing,Crazing,0.9979
crazing_208.jpg,Crazing,Crazing,0.9987
crazing_69.jpg,Crazing,Crazing,0.9993
crazing_280.jpg,Crazing,Crazing,0.9299
crazing_151.jpg,Crazing,Crazing,0.8549
crazing_132.jpg,Crazing,Crazing,0.9975
crazing_42.jpg,Crazing,Crazing,0.9998
crazing_265.jpg,Crazing,Crazing,0.9986
crazing_130.jpg,Crazing,Crazing,0.9987
crazing_79.jpg,Crazing,Crazing,0.9995
crazing_31.jpg,Crazing,Crazing,0.9994
crazing_30.jpg,Crazing,Crazing,0.9996
crazing_277.jpg,Crazing,Crazing,0.9997
crazing_300.jpg,Crazing,Crazing,0.9980
crazing_263.jpg,Crazing,Crazing,0.9985
crazing_144.jpg,Crazing,Crazing,0.9954
crazing_98.jpg,Crazing,Crazing,0.9744
crazing_245.jpg,Crazing,Crazing,0.9997
crazing_223.jpg,Crazing,Crazing,0.9089
crazing_117.jpg,Crazing,Crazing,0.9944
crazing_129.jpg,Crazing,Crazing,0.9977
crazing_264.jpg,Crazing,Crazing,0.9976
crazing_259.jpg,Crazing,Crazing,0.9983
crazing_267.jpg,Crazing,Crazing,0.9969
crazing_284.jpg,Crazing,Crazing,0.9974
crazing_110.jpg,Crazing,Crazing,0.9431
crazing_83.jpg,Crazing,Crazing,0.9998
crazing_9.jpg,Crazing,Crazing,0.9997
crazing_63.jpg,Crazing,Crazing,0.9987
crazing_283.jpg,Crazing,Crazing,0.9932
crazing_212.jpg,Crazing,Crazing,0.9986
crazing_290.jpg,Crazing,Crazing,0.9994
crazing_87.jpg,Crazing,Crazing,0.9985
crazing_68.jpg,Crazing,Crazing,0.9982
crazing_103.jpg,Crazing,Crazing,0.9996
crazing_194.jpg,Crazing,Crazing,0.9962
crazing_50.jpg,Crazing,Crazing,0.9999
crazing_102.jpg,Crazing,Crazing,0.9863
crazing_44.jpg,Crazing,Crazing,0.9971
crazing_133.jpg,Crazing,Crazing,0.9964
crazing_191.jpg,Crazing,Crazing,1.0000
crazing_8.jpg,Crazing,Crazing,0.9918
crazing_115.jpg,Crazing,Crazing,0.9992
crazing_138.jpg,Crazing,Crazing,0.9885
crazing_293.jpg,Crazing,Crazing,0.9871
crazing_201.jpg,Crazing,Crazing,0.9995
crazing_189.jpg,Crazing,Crazing,0.9993
crazing_180.jpg,Crazing,Crazing,0.9993
crazing_298.jpg,Crazing,Crazing,0.9983
crazing_146.jpg,Crazing,Crazing,0.9829
crazing_209.jpg,Crazing,Crazing,0.9844
crazing_233.jpg,Crazing,Crazing,0.9965
crazing_120.jpg,Crazing,Crazing,0.9985
crazing_72.jpg,Crazing,Crazing,0.8839
crazing_204.jpg,Crazing,Crazing,0.9788
crazing_175.jpg,Crazing,Crazing,0.9998
crazing_88.jpg,Crazing,Crazing,0.9996
crazing_244.jpg,Crazing,Crazing,0.9993
crazing_58.jpg,Crazing,Crazing,0.9996
crazing_269.jpg,Crazing,Crazing,0.8938
crazing_124.jpg,Crazing,Crazing,0.9995
crazing_149.jpg,Crazing,Crazing,0.9430
crazing_218.jpg,Crazing,Crazing,0.9811
crazing_287.jpg,Crazing,Crazing,0.9931
crazing_15.jpg,Crazing,Crazing,0.9980
crazing_46.jpg,Crazing,Crazing,0.9997
crazing_125.jpg,Crazing,Crazing,0.9921
crazing_282.jpg,Crazing,Crazing,0.9939
crazing_241.jpg,Crazing,Crazing,0.9995
crazing_24.jpg,Crazing,Crazing,0.9999
crazing_92.jpg,Crazing,Crazing,0.9968
crazing_147.jpg,Crazing,Crazing,0.9854
crazing_176.jpg,Crazing,Crazing,0.9734
crazing_114.jpg,Crazing,Crazing,0.9998
crazing_169.jpg,Crazing,Crazing,0.9979
crazing_203.jpg,Crazing,Crazing,0.9994
crazing_47.jpg,Crazing,Crazing,0.9996
crazing_112.jpg,Crazing,Crazing,0.8383
crazing_52.jpg,Crazing,Crazing,0.9941
crazing_51.jpg,Crazing,Crazing,0.9965
crazing_237.jpg,Crazing,Crazing,0.9972
crazing_240.jpg,Crazing,Crazing,0.9996
crazing_224.jpg,Crazing,Crazing,0.9951
crazing_258.jpg,Crazing,Crazing,0.9682
crazing_279.jpg,Crazing,Crazing,0.9999
crazing_108.jpg,Crazing,Crazing,0.9989
crazing_155.jpg,Crazing,Crazing,0.9997
crazing_197.jpg,Crazing,Crazing,0.9997
crazing_13.jpg,Crazing,Crazing,0.9974
crazing_164.jpg,Crazing,Crazing,0.9993
crazing_29.jpg,Crazing,Crazing,0.9983
crazing_275.jpg,Crazing,Crazing,0.9985
crazing_231.jpg,Crazing,Crazing,0.9988
crazing_222.jpg,Crazing,Crazing,0.9999
crazing_40.jpg,Crazing,Crazing,0.9998
crazing_93.jpg,Crazing,Crazing,0.9991
crazing_177.jpg,Crazing,Crazing,0.9991
crazing_96.jpg,Crazing,Crazing,0.9987
crazing_247.jpg,Crazing,Crazing,0.9985
crazing_166.jpg,Crazing,Crazing,0.9003
crazing_162.jpg,Crazing,Crazing,0.9980
crazing_28.jpg,Crazing,Crazing,0.9936
crazing_182.jpg,Crazing,Crazing,0.9398
crazing_7.jpg,Crazing,Crazing,0.9995
crazing_216.jpg,Crazing,Crazing,0.9997
crazing_229.jpg,Crazing,Crazing,0.9992
crazing_27.jpg,Crazing,Crazing,0.9951
crazing_65.jpg,Crazing,Crazing,0.9997
crazing_105.jpg,Crazing,Crazing,0.9996
crazing_101.jpg,Crazing,Crazing,0.9994
crazing_193.jpg,Crazing,Crazing,0.9818
crazing_207.jpg,Crazing,Crazing,0.9995
crazing_70.jpg,Crazing,Crazing,0.9997
crazing_242.jpg,Crazing,Crazing,0.9992
crazing_243.jpg,Crazing,Crazing,0.9979
crazing_221.jpg,Crazing,Crazing,1.0000
crazing_143.jpg,Crazing,Crazing,0.9991
crazing_122.jpg,Crazing,Crazing,0.9998
crazing_85.jpg,Crazing,Crazing,0.9935
crazing_266.jpg,Crazing,Crazing,0.9999
crazing_90.jpg,Crazing,Crazing,0.9957
crazing_198.jpg,Crazing,Crazing,0.9991
crazing_82.jpg,Crazing,Crazing,0.9992
crazing_170.jpg,Crazing,Crazing,0.9990
crazing_200.jpg,Crazing,Crazing,0.9950
crazing_281.jpg,Crazing,Crazing,0.9948
crazing_171.jpg,Crazing,Crazing,0.5373
crazing_10.jpg,Crazing,Crazing,0.9997
crazing_57.jpg,Crazing,Crazing,0.9986
crazing_173.jpg,Crazing,Crazing,0.7384
crazing_80.jpg,Crazing,Crazing,0.9869
crazing_288.jpg,Crazing,Crazing,0.9993
crazing_2.jpg,Crazing,Crazing,0.9997
crazing_188.jpg,Crazing,Crazing,0.9993
crazing_84.jpg,Crazing,Crazing,0.9999
crazing_56.jpg,Crazing,Crazing,0.9991
crazing_187.jpg,Crazing,Crazing,0.9996
crazing_227.jpg,Crazing,Crazing,0.9998
crazing_18.jpg,Crazing,Crazing,0.9997
crazing_66.jpg,Crazing,Crazing,0.9847
crazing_141.jpg,Crazing,Crazing,0.9988
crazing_97.jpg,Crazing,Crazing,0.9993
crazing_78.jpg,Crazing,Crazing,0.9977
crazing_232.jpg,Crazing,Crazing,0.9995
crazing_20.jpg,Crazing,Crazing,0.9940
crazing_291.jpg,Crazing,Crazing,0.9962
crazing_25.jpg,Crazing,Crazing,0.9993
crazing_214.jpg,Crazing,Crazing,0.9979
crazing_38.jpg,Crazing,Crazing,0.9993
crazing_294.jpg,Crazing,Crazing,0.9957
crazing_183.jpg,Crazing,Crazing,0.9514
crazing_299.jpg,Crazing,Crazing,0.9999
crazing_156.jpg,Crazing,Crazing,0.9995
crazing_26.jpg,Crazing,Crazing,0.9998
crazing_123.jpg,Crazing,Crazing,0.9785
crazing_86.jpg,Crazing,Crazing,0.9990
crazing_154.jpg,Crazing,Crazing,0.9981
crazing_150.jpg,Crazing,Crazing,0.9990
crazing_239.jpg,Crazing,Crazing,0.9997
crazing_268.jpg,Crazing,Crazing,0.9998
crazing_48.jpg,Crazing,Crazing,0.9997
crazing_157.jpg,Crazing,Crazing,0.9976
crazing_137.jpg,Crazing,Crazing,0.9816
crazing_64.jpg,Crazing,Crazing,0.9989
crazing_4.jpg,Crazing,Crazing,0.9999
crazing_126.jpg,Crazing,Crazing,0.9972
crazing_49.jpg,Crazing,Crazing,0.9999
crazing_195.jpg,Crazing,Crazing,0.9514
crazing_136.jpg,Crazing,Crazing,0.9955
crazing_185.jpg,Crazing,Crazing,0.9988
crazing_107.jpg,Crazing,Crazing,0.9974
crazing_6.jpg,Crazing,Crazing,0.9996
crazing_236.jpg,Crazing,Crazing,0.9996
crazing_186.jpg,Crazing,Crazing,0.9969
crazing_225.jpg,Crazing,Crazing,0.9999
crazing_238.jpg,Crazing,Crazing,0.9997
crazing_99.jpg,Crazing,Crazing,0.9955
crazing_249.jpg,Crazing,Crazing,0.9993
crazing_21.jpg,Crazing,Crazing,0.9996
crazing_39.jpg,Crazing,Crazing,0.9995
crazing_272.jpg,Crazing,Crazing,0.9922
crazing_168.jpg,Crazing,Crazing,0.9994
crazing_270.jpg,Crazing,Crazing,0.9997
crazing_77.jpg,Crazing,Crazing,0.9536
crazing_16.jpg,Crazing,Crazing,0.9996
crazing_11.jpg,Crazing,Crazing,0.9957
crazing_276.jpg,Crazing,Crazing,0.9970
crazing_278.jpg,Crazing,Crazing,0.9985
crazing_3.jpg,Crazing,Crazing,0.9938
crazing_59.jpg,Crazing,Crazing,0.9992
crazing_148.jpg,Crazing,Crazing,0.9982
crazing_41.jpg,Crazing,Crazing,0.9999
crazing_230.jpg,Crazing,Crazing,0.8021
crazing_35.jpg,Crazing,Crazing,0.9994
crazing_131.jpg,Crazing,Crazing,0.9989
crazing_81.jpg,Crazing,Crazing,0.9994
crazing_215.jpg,Crazing,Crazing,0.9991
crazing_34.jpg,Crazing,Crazing,0.9999
crazing_100.jpg,Crazing,Crazing,0.9993
crazing_255.jpg,Crazing,Crazing,0.9986
crazing_111.jpg,Crazing,Crazing,0.9850
crazing_33.jpg,Crazing,Crazing,0.9999
crazing_172.jpg,Crazing,Crazing,0.9903
crazing_153.jpg,Crazing,Crazing,0.9962
crazing_165.jpg,Crazing,Crazing,0.9976
crazing_292.jpg,Crazing,Crazing,0.9976
crazing_296.jpg,Crazing,Crazing,0.9992
crazing_250.jpg,Crazing,Crazing,0.9998
crazing_118.jpg,Crazing,Crazing,0.9968
crazing_297.jpg,Crazing,Crazing,0.9991
crazing_184.jpg,Crazing,Crazing,0.9975
crazing_190.jpg,Crazing,Crazing,0.9996
crazing_76.jpg,Crazing,Crazing,0.9391
crazing_61.jpg,Crazing,Crazing,0.9994
inclusion_213.jpg,Inclusion,Inclusion,0.8751
inclusion_248.jpg,Inclusion,Pitted_Surface,0.8609
inclusion_292.jpg,Inclusion,Inclusion,0.7398
inclusion_203.jpg,Inclusion,Inclusion,0.9174
inclusion_101.jpg,Inclusion,Inclusion,0.8780
inclusion_88.jpg,Inclusion,Inclusion,0.8027
inclusion_134.jpg,Inclusion,Inclusion,0.8729
inclusion_18.jpg,Inclusion,Inclusion,0.7222
inclusion_210.jpg,Inclusion,Inclusion,0.8729
inclusion_46.jpg,Inclusion,Inclusion,0.9284
inclusion_73.jpg,Inclusion,Inclusion,0.9173
inclusion_116.jpg,Inclusion,Inclusion,0.7972
inclusion_118.jpg,Inclusion,Inclusion,0.7987
inclusion_189.jpg,Inclusion,Inclusion,0.8109
inclusion_289.jpg,Inclusion,Inclusion,0.8544
inclusion_139.jpg,Inclusion,Inclusion,0.8953
inclusion_83.jpg,Inclusion,Inclusion,0.9072
inclusion_194.jpg,Inclusion,Inclusion,0.9073
inclusion_55.jpg,Inclusion,Inclusion,0.9132
inclusion_180.jpg,Inclusion,Inclusion,0.6897
inclusion_67.jpg,Inclusion,Inclusion,0.4935
inclusion_91.jpg,Inclusion,Inclusion,0.8225
inclusion_285.jpg,Inclusion,Inclusion,0.9032
inclusion_103.jpg,Inclusion,Inclusion,0.9031
inclusion_212.jpg,Inclusion,Inclusion,0.6854
inclusion_107.jpg,Inclusion,Inclusion,0.6373
inclusion_92.jpg,Inclusion,Inclusion,0.6552
inclusion_132.jpg,Inclusion,Inclusion,0.8921
inclusion_246.jpg,Inclusion,Pitted_Surface,0.6015
inclusion_28.jpg,Inclusion,Inclusion,0.6818
inclusion_66.jpg,Inclusion,Inclusion,0.6997
inclusion_165.jpg,Inclusion,Inclusion,0.8725
inclusion_257.jpg,Inclusion,Pitted_Surface,0.5404
inclusion_195.jpg,Inclusion,Inclusion,0.9258
inclusion_233.jpg,Inclusion,Pitted_Surface,0.8716
inclusion_176.jpg,Inclusion,Inclusion,0.8277
inclusion_271.jpg,Inclusion,Inclusion,0.7983
inclusion_6.jpg,Inclusion,Inclusion,0.5749
inclusion_40.jpg,Inclusion,Inclusion,0.7959
inclusion_62.jpg,Inclusion,Inclusion,0.8768
inclusion_33.jpg,Inclusion,Inclusion,0.9086
inclusion_37.jpg,Inclusion,Inclusion,0.8618
inclusion_155.jpg,Inclusion,Inclusion,0.8760
inclusion_47.jpg,Inclusion,Inclusion,0.9249
inclusion_81.jpg,Inclusion,Inclusion,0.9144
inclusion_173.jpg,Inclusion,Inclusion,0.7267
inclusion_224.jpg,Inclusion,Inclusion,0.9356
inclusion_106.jpg,Inclusion,Inclusion,0.9102
inclusion_32.jpg,Inclusion,Inclusion,0.9026
inclusion_1.jpg,Inclusion,Inclusion,0.6795
inclusion_147.jpg,Inclusion,Inclusion,0.7894
inclusion_249.jpg,Inclusion,Pitted_Surface,0.6466
inclusion_182.jpg,Inclusion,Inclusion,0.9108
inclusion_174.jpg,Inclusion,Inclusion,0.8301
inclusion_270.jpg,Inclusion,Inclusion,0.8972
inclusion_239.jpg,Inclusion,Pitted_Surface,0.7018
inclusion_170.jpg,Inclusion,Inclusion,0.9021
inclusion_90.jpg,Inclusion,Inclusion,0.9036
inclusion_41.jpg,Inclusion,Inclusion,0.8763
inclusion_287.jpg,Inclusion,Inclusion,0.8763
inclusion_168.jpg,Inclusion,Inclusion,0.8380
inclusion_263.jpg,Inclusion,Inclusion,0.8560
inclusion_156.jpg,Inclusion,Inclusion,0.9171
inclusion_261.jpg,Inclusion,Inclusion,0.5556
inclusion_142.jpg,Inclusion,Inclusion,0.8560
inclusion_247.jpg,Inclusion,Pitted_Surface,0.6476
inclusion_293.jpg,Inclusion,Inclusion,0.8668
inclusion_192.jpg,Inclusion,Inclusion,0.8769
inclusion_273.jpg,Inclusion,Inclusion,0.9011
inclusion_85.jpg,Inclusion,Inclusion,0.8771
inclusion_185.jpg,Inclusion,Inclusion,0.9041
inclusion_184.jpg,Inclusion,Inclusion,0.9215
inclusion_298.jpg,Inclusion,Inclusion,0.4412
inclusion_87.jpg,Inclusion,Inclusion,0.8486
inclusion_282.jpg,Inclusion,Inclusion,0.8077
inclusion_119.jpg,Inclusion,Inclusion,0.7428
inclusion_93.jpg,Inclusion,Inclusion,0.4897
inclusion_64.jpg,Inclusion,Inclusion,0.7700
inclusion_110.jpg,Inclusion,Inclusion,0.9080
inclusion_10.jpg,Inclusion,Inclusion,0.5915
inclusion_215.jpg,Inclusion,Inclusion,0.8881
inclusion_21.jpg,Inclusion,Inclusion,0.8820
inclusion_204.jpg,Inclusion,Inclusion,0.9064
inclusion_31.jpg,Inclusion,Inclusion,0.7734
inclusion_131.jpg,Inclusion,Inclusion,0.9278
inclusion_161.jpg,Inclusion,Inclusion,0.8780
inclusion_72.jpg,Inclusion,Inclusion,0.6339
inclusion_197.jpg,Inclusion,Inclusion,0.9194
inclusion_48.jpg,Inclusion,Inclusion,0.9170
inclusion_75.jpg,Inclusion,Inclusion,0.8773
inclusion_12.jpg,Inclusion,Inclusion,0.8702
inclusion_300.jpg,Inclusion,Inclusion,0.6139
inclusion_99.jpg,Inclusion,Inclusion,0.9044
inclusion_232.jpg,Inclusion,Pitted_Surface,0.7540
inclusion_113.jpg,Inclusion,Inclusion,0.8874
inclusion_214.jpg,Inclusion,Inclusion,0.8827
inclusion_5.jpg,Inclusion,Inclusion,0.6966
inclusion_162.jpg,Inclusion,Inclusion,0.5749
inclusion_30.jpg,Inclusion,Inclusion,0.9086
inclusion_286.jpg,Inclusion,Inclusion,0.8484
inclusion_2.jpg,Inclusion,Inclusion,0.7447
inclusion_179.jpg,Inclusion,Inclusion,0.9261
inclusion_242.jpg,Inclusion,Pitted_Surface,0.9484
inclusion_219.jpg,Inclusion,Inclusion,0.8442
inclusion_228.jpg,Inclusion,Inclusion,0.6576
inclusion_269.jpg,Inclusion,Pitted_Surface,0.4050
inclusion_153.jpg,Inclusion,Inclusion,0.8225
inclusion_60.jpg,Inclusion,Inclusion,0.8821
inclusion_202.jpg,Inclusion,Inclusion,0.8909
inclusion_190.jpg,Inclusion,Inclusion,0.7743
inclusion_123.jpg,Inclusion,Inclusion,0.7346
inclusion_166.jpg,Inclusion,Inclusion,0.8287
inclusion_221.jpg,Inclusion,Inclusion,0.7304
inclusion_74.jpg,Inclusion,Inclusion,0.8995
inclusion_227.jpg,Inclusion,Inclusion,0.5392
inclusion_290.jpg,Inclusion,Inclusion,0.8215
inclusion_152.jpg,Inclusion,Inclusion,0.7480
inclusion_108.jpg,Inclusion,Inclusion,0.9187
inclusion_137.jpg,Inclusion,Inclusion,0.6870
inclusion_294.jpg,Inclusion,Inclusion,0.9018
inclusion_148.jpg,Inclusion,Inclusion,0.8351
inclusion_279.jpg,Inclusion,Inclusion,0.7542
inclusion_283.jpg,Inclusion,Inclusion,0.4798
inclusion_129.jpg,Inclusion,Inclusion,0.9285
inclusion_167.jpg,Inclusion,Inclusion,0.9103
inclusion_77.jpg,Inclusion,Inclusion,0.8909
inclusion_280.jpg,Inclusion,Inclusion,0.7523
inclusion_264.jpg,Inclusion,Inclusion,0.8170
inclusion_15.jpg,Inclusion,Inclusion,0.8294
inclusion_70.jpg,Inclusion,Inclusion,0.8757
inclusion_121.jpg,Inclusion,Inclusion,0.6678
inclusion_69.jpg,Inclusion,Inclusion,0.6138
inclusion_13.jpg,Inclusion,Inclusion,0.8853
inclusion_188.jpg,Inclusion,Inclusion,0.7954
inclusion_220.jpg,Inclusion,Inclusion,0.8371
inclusion_16.jpg,Inclusion,Inclusion,0.7197
inclusion_178.jpg,Inclusion,Inclusion,0.7600
inclusion_254.jpg,Inclusion,Pitted_Surface,0.6482
inclusion_296.jpg,Inclusion,Inclusion,0.8293
inclusion_268.jpg,Inclusion,Inclusion,0.8294
inclusion_175.jpg,Inclusion,Inclusion,0.8029
inclusion_82.jpg,Inclusion,Inclusion,0.9221
inclusion_217.jpg,Inclusion,Inclusion,0.9310
inclusion_34.jpg,Inclusion,Inclusion,0.9318
inclusion_136.jpg,Inclusion,Inclusion,0.8407
inclusion_86.jpg,Inclusion,Inclusion,0.8782
inclusion_3.jpg,Inclusion,Inclusion,0.6530
inclusion_154.jpg,Inclusion,Inclusion,0.6769
inclusion_240.jpg,Inclusion,Pitted_Surface,0.9658
inclusion_238.jpg,Inclusion,Pitted_Surface,0.9381
inclusion_272.jpg,Inclusion,Inclusion,0.7907
inclusion_14.jpg,Inclusion,Inclusion,0.9138
inclusion_89.jpg,Inclusion,Inclusion,0.7685
inclusion_250.jpg,Inclusion,Pitted_Surface,0.7762
inclusion_267.jpg,Inclusion,Inclusion,0.7545
inclusion_198.jpg,Inclusion,Inclusion,0.8873
inclusion_100.jpg,Inclusion,Inclusion,0.8582
inclusion_191.jpg,Inclusion,Inclusion,0.7375
inclusion_56.jpg,Inclusion,Inclusion,0.8562
inclusion_276.jpg,Inclusion,Inclusion,0.9115
inclusion_22.jpg,Inclusion,Inclusion,0.9001
inclusion_149.jpg,Inclusion,Inclusion,0.8352
inclusion_8.jpg,Inclusion,Inclusion,0.7300
inclusion_38.jpg,Inclusion,Inclusion,0.8863
inclusion_141.jpg,Inclusion,Inclusion,0.8336
inclusion_9.jpg,Inclusion,Inclusion,0.7697
inclusion_157.jpg,Inclusion,Inclusion,0.7562
inclusion_135.jpg,Inclusion,Inclusion,0.8676
inclusion_65.jpg,Inclusion,Inclusion,0.5698
inclusion_207.jpg,Inclusion,Inclusion,0.7173
inclusion_199.jpg,Inclusion,Inclusion,0.8360
inclusion_252.jpg,Inclusion,Inclusion,0.6246
inclusion_146.jpg,Inclusion,Inclusion,0.8467
inclusion_230.jpg,Inclusion,Pitted_Surface,0.8443
inclusion_109.jpg,Inclusion,Inclusion,0.9156
inclusion_236.jpg,Inclusion,Pitted_Surface,0.8908
inclusion_125.jpg,Inclusion,Inclusion,0.7461
inclusion_44.jpg,Inclusion,Inclusion,0.7721
inclusion_51.jpg,Inclusion,Inclusion,0.8707
inclusion_17.jpg,Inclusion,Inclusion,0.8174
inclusion_128.jpg,Inclusion,Inclusion,0.9258
inclusion_158.jpg,Inclusion,Inclusion,0.7843
inclusion_126.jpg,Inclusion,Inclusion,0.8216
inclusion_234.jpg,Inclusion,Pitted_Surface,0.9378
inclusion_130.jpg,Inclusion,Inclusion,0.6515
inclusion_71.jpg,Inclusion,Inclusion,0.9062
inclusion_94.jpg,Inclusion,Inclusion,0.4966
inclusion_172.jpg,Inclusion,Inclusion,0.8444
inclusion_11.jpg,Inclusion,Inclusion,0.9246
inclusion_76.jpg,Inclusion,Inclusion,0.8677
inclusion_143.jpg,Inclusion,Inclusion,0.8668
inclusion_117.jpg,Inclusion,Inclusion,0.8549
inclusion_102.jpg,Inclusion,Inclusion,0.8476
inclusion_35.jpg,Inclusion,Inclusion,0.9297
inclusion_127.jpg,Inclusion,Inclusion,0.9214
inclusion_68.jpg,Inclusion,Inclusion,0.6781
inclusion_54.jpg,Inclusion,Inclusion,0.8813
inclusion_111.jpg,Inclusion,Inclusion,0.8965
inclusion_78.jpg,Inclusion,Inclusion,0.8702
inclusion_260.jpg,Inclusion,Inclusion,0.5534
inclusion_255.jpg,Inclusion,Pitted_Surface,0.7418
inclusion_98.jpg,Inclusion,Inclusion,0.9050
inclusion_258.jpg,Inclusion,Inclusion,0.8817
inclusion_256.jpg,Inclusion,Pitted_Surface,0.8429
inclusion_245.jpg,Inclusion,Pitted_Surface,0.5953
inclusion_63.jpg,Inclusion,Inclusion,0.8403
inclusion_278.jpg,Inclusion,Inclusion,0.9127
inclusion_26.jpg,Inclusion,Inclusion,0.7976
inclusion_20.jpg,Inclusion,Inclusion,0.8430
inclusion_183.jpg,Inclusion,Inclusion,0.8994
inclusion_53.jpg,Inclusion,Inclusion,0.8511
inclusion_206.jpg,Inclusion,Inclusion,0.8479
inclusion_274.jpg,Inclusion,Inclusion,0.8010
inclusion_266.jpg,Inclusion,Inclusion,0.8235
inclusion_140.jpg,Inclusion,Inclusion,0.8160
inclusion_297.jpg,Inclusion,Pitted_Surface,0.9405
inclusion_59.jpg,Inclusion,Inclusion,0.9090
inclusion_145.jpg,Inclusion,Inclusion,0.9060
inclusion_216.jpg,Inclusion,Inclusion,0.9118
inclusion_96.jpg,Inclusion,Inclusion,0.9281
inclusion_291.jpg,Inclusion,Inclusion,0.6532
inclusion_181.jpg,Inclusion,Inclusion,0.9098
inclusion_265.jpg,Inclusion,Inclusion,0.8655
inclusion_209.jpg,Inclusion,Inclusion,0.7867
inclusion_193.jpg,Inclusion,Inclusion,0.8901
inclusion_24.jpg,Inclusion,Inclusion,0.6676
inclusion_299.jpg,Inclusion,Inclusion,0.5315
inclusion_57.jpg,Inclusion,Inclusion,0.9235
inclusion_52.jpg,Inclusion,Inclusion,0.8933
inclusion_281.jpg,Inclusion,Inclusion,0.9169
inclusion_29.jpg,Inclusion,Inclusion,0.6880
inclusion_208.jpg,Inclusion,Inclusion,0.8149
inclusion_218.jpg,Inclusion,Inclusion,0.9152
inclusion_122.jpg,Inclusion,Inclusion,0.4962
inclusion_231.jpg,Inclusion,Pitted_Surface,0.7919
inclusion_177.jpg,Inclusion,Inclusion,0.6557
inclusion_211.jpg,Inclusion,Inclusion,0.8392
inclusion_186.jpg,Inclusion,Inclusion,0.8774
inclusion_284.jpg,Inclusion,Inclusion,0.8602
inclusion_235.jpg,Inclusion,Pitted_Surface,0.9319
inclusion_4.jpg,Inclusion,Inclusion,0.7068
inclusion_105.jpg,Inclusion,Inclusion,0.8756
inclusion_27.jpg,Inclusion,Inclusion,0.7319
inclusion_244.jpg,Inclusion,Pitted_Surface,0.7784
inclusion_114.jpg,Inclusion,Inclusion,0.8792
inclusion_58.jpg,Inclusion,Inclusion,0.9199
inclusion_164.jpg,Inclusion,Inclusion,0.5998
inclusion_253.jpg,Inclusion,Pitted_Surface,0.7698
inclusion_36.jpg,Inclusion,Inclusion,0.9201
inclusion_45.jpg,Inclusion,Inclusion,0.8800
inclusion_201.jpg,Inclusion,Inclusion,0.8996
inclusion_120.jpg,Inclusion,Inclusion,0.7392
inclusion_144.jpg,Inclusion,Inclusion,0.8616
inclusion_159.jpg,Inclusion,Inclusion,0.9264
inclusion_49.jpg,Inclusion,Inclusion,0.9249
inclusion_275.jpg,Inclusion,Inclusion,0.9147
inclusion_112.jpg,Inclusion,Inclusion,0.9244
inclusion_237.jpg,Inclusion,Pitted_Surface,0.9629
inclusion_80.jpg,Inclusion,Inclusion,0.8480
inclusion_138.jpg,Inclusion,Inclusion,0.9043
inclusion_42.jpg,Inclusion,Inclusion,0.8903
inclusion_222.jpg,Inclusion,Inclusion,0.7320
inclusion_196.jpg,Inclusion,Inclusion,0.7946
inclusion_163.jpg,Inclusion,Inclusion,0.6978
inclusion_200.jpg,Inclusion,Inclusion,0.9026
inclusion_23.jpg,Inclusion,Inclusion,0.8948
inclusion_288.jpg,Inclusion,Inclusion,0.6820
inclusion_225.jpg,Inclusion,Inclusion,0.8787
inclusion_95.jpg,Inclusion,Inclusion,0.8005
inclusion_262.jpg,Inclusion,Inclusion,0.8411
inclusion_229.jpg,Inclusion,Pitted_Surface,0.8694
inclusion_39.jpg,Inclusion,Inclusion,0.6285
inclusion_124.jpg,Inclusion,Inclusion,0.6322
inclusion_84.jpg,Inclusion,Inclusion,0.8950
inclusion_150.jpg,Inclusion,Inclusion,0.6372
inclusion_104.jpg,Inclusion,Inclusion,0.8493
inclusion_226.jpg,Inclusion,Inclusion,0.9094
inclusion_19.jpg,Inclusion,Inclusion,0.7331
inclusion_160.jpg,Inclusion,Inclusion,0.9084
inclusion_243.jpg,Inclusion,Pitted_Surface,0.8224
inclusion_171.jpg,Inclusion,Inclusion,0.8784
inclusion_50.jpg,Inclusion,Inclusion,0.9148
inclusion_251.jpg,Inclusion,Pitted_Surface,0.9515
patches_45.jpg,Patches,Patches,0.9990
patches_189.jpg,Patches,Patches,1.0000
patches_196.jpg,Patches,Patches,1.0000
patches_135.jpg,Patches,Patches,0.9940
patches_120.jpg,Patches,Patches,1.0000
patches_284.jpg,Patches,Patches,0.9998
patches_245.jpg,Patches,Patches,0.9994
patches_96.jpg,Patches,Patches,1.0000
patches_102.jpg,Patches,Patches,0.9999
patches_9.jpg,Patches,Patches,1.0000
patches_70.jpg,Patches,Patches,1.0000
patches_48.jpg,Patches,Patches,0.9999
patches_55.jpg,Patches,Patches,0.9999
patches_169.jpg,Patches,Patches,1.0000
patches_258.jpg,Patches,Patches,0.9987
patches_69.jpg,Patches,Patches,0.9974
patches_276.jpg,Patches,Patches,0.9988
patches_166.jpg,Patches,Patches,1.0000
patches_240.jpg,Patches,Patches,0.9924
patches_260.jpg,Patches,Patches,1.0000
patches_93.jpg,Patches,Patches,1.0000
patches_154.jpg,Patches,Patches,0.9998
patches_282.jpg,Patches,Patches,1.0000
patches_140.jpg,Patches,Patches,1.0000
patches_170.jpg,Patches,Patches,1.0000
patches_270.jpg,Patches,Patches,0.9901
patches_181.jpg,Patches,Patches,0.9999
patches_197.jpg,Patches,Patches,0.9966
patches_253.jpg,Patches,Patches,1.0000
patches_296.jpg,Patches,Patches,0.9999
patches_248.jpg,Patches,Patches,0.9998
patches_299.jpg,Patches,Patches,1.0000
patches_72.jpg,Patches,Patches,0.9227
patches_207.jpg,Patches,Patches,1.0000
patches_47.jpg,Patches,Patches,1.0000
patches_56.jpg,Patches,Patches,0.9999
patches_195.jpg,Patches,Patches,1.0000
patches_222.jpg,Patches,Patches,0.9992
patches_219.jpg,Patches,Patches,1.0000
patches_126.jpg,Patches,Patches,1.0000
patches_192.jpg,Patches,Patches,1.0000
patches_256.jpg,Patches,Patches,0.9998
patches_221.jpg,Patches,Patches,1.0000
patches_194.jpg,Patches,Patches,0.9460
patches_51.jpg,Patches,Patches,0.9995
patches_199.jpg,Patches,Patches,1.0000
patches_176.jpg,Patches,Patches,0.9989
patches_205.jpg,Patches,Patches,1.0000
patches_112.jpg,Patches,Patches,1.0000
patches_218.jpg,Patches,Patches,1.0000
patches_83.jpg,Patches,Patches,1.0000
patches_252.jpg,Patches,Patches,0.9899
patches_202.jpg,Patches,Patches,1.0000
patches_116.jpg,Patches,Patches,1.0000
patches_269.jpg,Patches,Patches,1.0000
patches_42.jpg,Patches,Patches,0.9997
patches_10.jpg,Patches,Patches,0.9561
patches_257.jpg,Patches,Patches,0.9999
patches_186.jpg,Patches,Patches,1.0000
patches_65.jpg,Patches,Patches,1.0000
patches_279.jpg,Patches,Patches,0.9891
patches_263.jpg,Patches,Patches,0.9990
patches_113.jpg,Patches,Patches,0.9999
patches_53.jpg,Patches,Patches,1.0000
patches_141.jpg,Patches,Patches,1.0000
patches_21.jpg,Patches,Patches,1.0000
patches_228.jpg,Patches,Patches,0.9997
patches_8.jpg,Patches,Patches,0.9999
patches_75.jpg,Patches,Patches,0.9999
patches_15.jpg,Patches,Patches,0.9998
patches_129.jpg,Patches,Patches,0.9958
patches_178.jpg,Patches,Patches,1.0000
patches_52.jpg,Patches,Patches,1.0000
patches_78.jpg,Patches,Patches,0.9994
patches_30.jpg,Patches,Patches,1.0000
patches_280.jpg,Patches,Patches,1.0000
patches_165.jpg,Patches,Patches,0.9982
patches_73.jpg,Patches,Patches,0.9773
patches_6.jpg,Patches,Patches,1.0000
patches_214.jpg,Patches,Patches,1.0000
patches_16.jpg,Patches,Patches,0.9997
patches_136.jpg,Patches,Patches,1.0000
patches_97.jpg,Patches,Patches,1.0000
patches_255.jpg,Patches,Patches,0.9976
patches_251.jpg,Patches,Patches,0.9925
patches_11.jpg,Patches,Patches,0.9980
patches_281.jpg,Patches,Patches,0.9999
patches_297.jpg,Patches,Patches,1.0000
patches_14.jpg,Patches,Patches,0.9755
patches_289.jpg,Patches,Patches,1.0000
patches_66.jpg,Patches,Patches,1.0000
patches_232.jpg,Patches,Patches,0.9999
patches_80.jpg,Patches,Patches,0.9999
patches_122.jpg,Patches,Patches,1.0000
patches_184.jpg,Patches,Patches,1.0000
patches_131.jpg,Patches,Patches,0.9993
patches_17.jpg,Patches,Patches,1.0000
patches_64.jpg,Patches,Patches,0.8576
patches_198.jpg,Patches,Patches,0.9999
patches_50.jpg,Patches,Patches,0.9967
patches_25.jpg,Patches,Patches,1.0000
patches_191.jpg,Patches,Patches,1.0000
patches_46.jpg,Patches,Patches,1.0000
patches_274.jpg,Patches,Patches,0.9996
patches_231.jpg,Patches,Patches,1.0000
patches_34.jpg,Patches,Patches,0.9982
patches_76.jpg,Patches,Patches,1.0000
patches_137.jpg,Patches,Patches,1.0000
patches_110.jpg,Patches,Patches,1.0000
patches_95.jpg,Patches,Patches,0.9999
patches_294.jpg,Patches,Patches,1.0000
patches_230.jpg,Patches,Patches,1.0000
patches_249.jpg,Patches,Patches,1.0000
patches_275.jpg,Patches,Patches,1.0000
patches_134.jpg,Patches,Patches,1.0000
patches_291.jpg,Patches,Patches,1.0000
patches_163.jpg,Patches,Patches,0.9072
patches_125.jpg,Patches,Patches,0.9999
patches_100.jpg,Patches,Patches,0.9996
patches_99.jpg,Patches,Patches,1.0000
patches_68.jpg,Patches,Crazing,0.9754
patches_62.jpg,Patches,Patches,0.9979
patches_182.jpg,Patches,Patches,1.0000
patches_261.jpg,Patches,Patches,1.0000
patches_44.jpg,Patches,Patches,1.0000
patches_185.jpg,Patches,Patches,0.9998
patches_210.jpg,Patches,Patches,0.9999
patches_235.jpg,Patches,Patches,1.0000
patches_293.jpg,Patches,Patches,1.0000
patches_159.jpg,Patches,Patches,0.9931
patches_174.jpg,Patches,Patches,1.0000
patches_117.jpg,Patches,Patches,1.0000
patches_124.jpg,Patches,Patches,1.0000
patches_38.jpg,Patches,Patches,1.0000
patches_115.jpg,Patches,Patches,0.9999
patches_12.jpg,Patches,Patches,0.9998
patches_204.jpg,Patches,Patches,0.9999
patches_104.jpg,Patches,Patches,0.9999
patches_133.jpg,Patches,Patches,0.9999
patches_63.jpg,Patches,Patches,0.9992
patches_39.jpg,Patches,Patches,0.9935
patches_88.jpg,Patches,Patches,1.0000
patches_190.jpg,Patches,Patches,1.0000
patches_188.jpg,Patches,Patches,1.0000
patches_223.jpg,Patches,Patches,1.0000
patches_285.jpg,Patches,Patches,0.9998
patches_79.jpg,Patches,Patches,1.0000
patches_244.jpg,Patches,Patches,0.9998
patches_162.jpg,Patches,Patches,1.0000
patches_74.jpg,Patches,Patches,0.9947
patches_158.jpg,Patches,Patches,0.9999
patches_266.jpg,Patches,Patches,0.9994
patches_57.jpg,Patches,Patches,0.9988
patches_250.jpg,Patches,Patches,0.9662
patches_259.jpg,Patches,Patches,0.9997
patches_138.jpg,Patches,Patches,1.0000
patches_145.jpg,Patches,Patches,1.0000
patches_236.jpg,Patches,Patches,1.0000
patches_153.jpg,Patches,Patches,1.0000
patches_19.jpg,Patches,Patches,1.0000
patches_160.jpg,Patches,Patches,0.9982
patches_26.jpg,Patches,Patches,1.0000
patches_60.jpg,Patches,Patches,0.9994
patches_4.jpg,Patches,Patches,1.0000
patches_172.jpg,Patches,Patches,0.9994
patches_23.jpg,Patches,Patches,1.0000
patches_147.jpg,Patches,Patches,0.9851
patches_144.jpg,Patches,Patches,1.0000
patches_292.jpg,Patches,Patches,0.9999
patches_262.jpg,Patches,Patches,1.0000
patches_37.jpg,Patches,Patches,0.9987
patches_267.jpg,Patches,Patches,1.0000
patches_109.jpg,Patches,Patches,1.0000
patches_111.jpg,Patches,Patches,1.0000
patches_87.jpg,Patches,Patches,0.9995
patches_33.jpg,Patches,Patches,0.9990
patches_105.jpg,Patches,Patches,1.0000
patches_220.jpg,Patches,Patches,1.0000
patches_81.jpg,Patches,Patches,1.0000
patches_130.jpg,Patches,Patches,1.0000
patches_273.jpg,Patches,Patches,1.0000
patches_123.jpg,Patches,Patches,1.0000
patches_86.jpg,Patches,Patches,0.9999
patches_272.jpg,Patches,Patches,0.9988
patches_150.jpg,Patches,Patches,1.0000
patches_206.jpg,Patches,Patches,0.9999
patches_164.jpg,Patches,Patches,1.0000
patches_20.jpg,Patches,Patches,0.9994
patches_187.jpg,Patches,Patches,1.0000
patches_5.jpg,Patches,Patches,1.0000
patches_168.jpg,Patches,Patches,1.0000
patches_201.jpg,Patches,Patches,1.0000
patches_114.jpg,Patches,Patches,1.0000
patches_3.jpg,Patches,Patches,1.0000
patches_268.jpg,Patches,Patches,1.0000
patches_41.jpg,Patches,Patches,0.9996
patches_277.jpg,Patches,Patches,0.9993
patches_106.jpg,Patches,Patches,1.0000
patches_239.jpg,Patches,Patches,0.9999
patches_22.jpg,Patches,Patches,0.9992
patches_89.jpg,Patches,Patches,0.9995
patches_36.jpg,Patches,Patches,1.0000
patches_7.jpg,Patches,Patches,1.0000
patches_43.jpg,Patches,Patches,1.0000
patches_217.jpg,Patches,Patches,0.9978
patches_233.jpg,Patches,Patches,1.0000
patches_300.jpg,Patches,Patches,0.9999
patches_24.jpg,Patches,Patches,0.9919
patches_156.jpg,Patches,Patches,0.9997
patches_177.jpg,Patches,Patches,1.0000
patches_82.jpg,Patches,Patches,1.0000
patches_254.jpg,Patches,Patches,0.9949
patches_227.jpg,Patches,Patches,1.0000
patches_213.jpg,Patches,Patches,0.9995
patches_224.jpg,Patches,Patches,1.0000
patches_298.jpg,Patches,Patches,0.9741
patches_152.jpg,Patches,Patches,1.0000
patches_98.jpg,Patches,Patches,1.0000
patches_208.jpg,Patches,Patches,1.0000
patches_173.jpg,Patches,Patches,0.9952
patches_226.jpg,Patches,Patches,0.9999
patches_91.jpg,Patches,Patches,1.0000
patches_40.jpg,Patches,Patches,1.0000
patches_200.jpg,Patches,Patches,0.9995
patches_171.jpg,Patches,Patches,1.0000
patches_118.jpg,Patches,Patches,1.0000
patches_27.jpg,Patches,Patches,1.0000
patches_108.jpg,Patches,Patches,1.0000
patches_183.jpg,Patches,Patches,1.0000
patches_238.jpg,Patches,Patches,0.9971
patches_216.jpg,Patches,Patches,0.9995
patches_149.jpg,Patches,Patches,1.0000
patches_28.jpg,Patches,Patches,0.9998
patches_127.jpg,Patches,Patches,1.0000
patches_167.jpg,Patches,Patches,1.0000
patches_288.jpg,Patches,Patches,0.9995
patches_243.jpg,Patches,Patches,0.9979
patches_295.jpg,Patches,Patches,0.9999
patches_142.jpg,Patches,Patches,1.0000
patches_264.jpg,Patches,Patches,1.0000
patches_61.jpg,Patches,Patches,0.9991
patches_84.jpg,Patches,Patches,1.0000
patches_94.jpg,Patches,Patches,0.9907
patches_143.jpg,Patches,Patches,1.0000
patches_278.jpg,Patches,Patches,1.0000
patches_1.jpg,Patches,Patches,0.9998
patches_225.jpg,Patches,Patches,0.9999
patches_180.jpg,Patches,Patches,1.0000
patches_161.jpg,Patches,Patches,0.6903
patches_54.jpg,Patches,Patches,0.9992
patches_241.jpg,Patches,Patches,1.0000
patches_92.jpg,Patches,Patches,1.0000
patches_155.jpg,Patches,Patches,1.0000
patches_290.jpg,Patches,Patches,1.0000
patches_77.jpg,Patches,Patches,0.9896
patches_286.jpg,Patches,Patches,1.0000
patches_18.jpg,Patches,Patches,0.7050
patches_271.jpg,Patches,Patches,1.0000
patches_101.jpg,Patches,Patches,1.0000
patches_35.jpg,Patches,Patches,0.9999
patches_203.jpg,Patches,Patches,1.0000
patches_287.jpg,Patches,Patches,1.0000
patches_128.jpg,Patches,Patches,0.9997
patches_32.jpg,Patches,Patches,1.0000
patches_179.jpg,Patches,Patches,0.9995
patches_146.jpg,Patches,Patches,0.9999
patches_242.jpg,Patches,Patches,0.9999
patches_148.jpg,Patches,Patches,0.9994
patches_132.jpg,Patches,Patches,1.0000
patches_209.jpg,Patches,Patches,1.0000
patches_90.jpg,Patches,Patches,1.0000
patches_212.jpg,Patches,Patches,1.0000
patches_151.jpg,Patches,Patches,1.0000
patches_58.jpg,Patches,Patches,1.0000
patches_215.jpg,Patches,Patches,1.0000
patches_234.jpg,Patches,Patches,0.9997
patches_29.jpg,Patches,Patches,1.0000
patches_2.jpg,Patches,Patches,1.0000
patches_107.jpg,Patches,Patches,0.9273
patches_246.jpg,Patches,Patches,0.9908
patches_119.jpg,Patches,Patches,1.0000
patches_59.jpg,Patches,Patches,0.9998
patches_71.jpg,Patches,Patches,1.0000
patches_237.jpg,Patches,Patches,1.0000
pitted_surface_90.jpg,Pitted_Surface,Pitted_Surface,0.6863
pitted_surface_182.jpg,Pitted_Surface,Pitted_Surface,0.9867
pitted_surface_131.jpg,Pitted_Surface,Pitted_Surface,0.9595
pitted_surface_32.jpg,Pitted_Surface,Pitted_Surface,0.9945
pitted_surface_134.jpg,Pitted_Surface,Pitted_Surface,0.9823
pitted_surface_143.jpg,Pitted_Surface,Pitted_Surface,0.9609
pitted_surface_92.jpg,Pitted_Surface,Pitted_Surface,0.9589
pitted_surface_234.jpg,Pitted_Surface,Pitted_Surface,0.7719
pitted_surface_113.jpg,Pitted_Surface,Pitted_Surface,0.9533
pitted_surface_262.jpg,Pitted_Surface,Pitted_Surface,0.9802
pitted_surface_42.jpg,Pitted_Surface,Inclusion,0.5221
pitted_surface_9.jpg,Pitted_Surface,Pitted_Surface,0.6476
pitted_surface_53.jpg,Pitted_Surface,Pitted_Surface,0.9758
pitted_surface_20.jpg,Pitted_Surface,Pitted_Surface,0.9546
pitted_surface_57.jpg,Pitted_Surface,Pitted_Surface,0.9898
pitted_surface_117.jpg,Pitted_Surface,Pitted_Surface,0.6449
pitted_surface_136.jpg,Pitted_Surface,Pitted_Surface,0.9576
pitted_surface_41.jpg,Pitted_Surface,Pitted_Surface,0.8968
pitted_surface_229.jpg,Pitted_Surface,Pitted_Surface,0.9502
pitted_surface_150.jpg,Pitted_Surface,Pitted_Surface,0.8685
pitted_surface_210.jpg,Pitted_Surface,Pitted_Surface,0.9943
pitted_surface_33.jpg,Pitted_Surface,Pitted_Surface,0.9667
pitted_surface_254.jpg,Pitted_Surface,Pitted_Surface,0.9883
pitted_surface_78.jpg,Pitted_Surface,Pitted_Surface,0.9852
pitted_surface_38.jpg,Pitted_Surface,Pitted_Surface,0.9926
pitted_surface_128.jpg,Pitted_Surface,Inclusion,0.4993
pitted_surface_297.jpg,Pitted_Surface,Scratches,0.5790
pitted_surface_255.jpg,Pitted_Surface,Pitted_Surface,0.9783
pitted_surface_94.jpg,Pitted_Surface,Pitted_Surface,0.9450
pitted_surface_266.jpg,Pitted_Surface,Pitted_Surface,0.6432
pitted_surface_203.jpg,Pitted_Surface,Pitted_Surface,0.9620
pitted_surface_59.jpg,Pitted_Surface,Pitted_Surface,0.9171
pitted_surface_26.jpg,Pitted_Surface,Pitted_Surface,0.9697
pitted_surface_257.jpg,Pitted_Surface,Pitted_Surface,0.8747
pitted_surface_44.jpg,Pitted_Surface,Pitted_Surface,0.8273
pitted_surface_58.jpg,Pitted_Surface,Pitted_Surface,0.8705
pitted_surface_226.jpg,Pitted_Surface,Pitted_Surface,0.4750
pitted_surface_215.jpg,Pitted_Surface,Pitted_Surface,0.8842
pitted_surface_81.jpg,Pitted_Surface,Pitted_Surface,0.7862
pitted_surface_125.jpg,Pitted_Surface,Pitted_Surface,0.8132
pitted_surface_154.jpg,Pitted_Surface,Pitted_Surface,0.7986
pitted_surface_49.jpg,Pitted_Surface,Pitted_Surface,0.8585
pitted_surface_146.jpg,Pitted_Surface,Pitted_Surface,0.9916
pitted_surface_165.jpg,Pitted_Surface,Pitted_Surface,0.9736
pitted_surface_243.jpg,Pitted_Surface,Pitted_Surface,0.9033
pitted_surface_219.jpg,Pitted_Surface,Pitted_Surface,0.9489
pitted_surface_139.jpg,Pitted_Surface,Pitted_Surface,0.9569
pitted_surface_167.jpg,Pitted_Surface,Pitted_Surface,0.9584
pitted_surface_292.jpg,Pitted_Surface,Pitted_Surface,0.9945
pitted_surface_110.jpg,Pitted_Surface,Pitted_Surface,0.8788
pitted_surface_158.jpg,Pitted_Surface,Pitted_Surface,0.9436
pitted_surface_111.jpg,Pitted_Surface,Pitted_Surface,0.7993
pitted_surface_76.jpg,Pitted_Surface,Pitted_Surface,0.9910
pitted_surface_168.jpg,Pitted_Surface,Pitted_Surface,0.9889
pitted_surface_79.jpg,Pitted_Surface,Pitted_Surface,0.9920
pitted_surface_17.jpg,Pitted_Surface,Pitted_Surface,0.9939
pitted_surface_230.jpg,Pitted_Surface,Pitted_Surface,0.9778
pitted_surface_186.jpg,Pitted_Surface,Pitted_Surface,0.9814
pitted_surface_239.jpg,Pitted_Surface,Pitted_Surface,0.9783
pitted_surface_192.jpg,Pitted_Surface,Pitted_Surface,0.7675
pitted_surface_214.jpg,Pitted_Surface,Pitted_Surface,0.9418
pitted_surface_118.jpg,Pitted_Surface,Pitted_Surface,0.8340
pitted_surface_299.jpg,Pitted_Surface,Pitted_Surface,0.9758
pitted_surface_190.jpg,Pitted_Surface,Pitted_Surface,0.9679
pitted_surface_39.jpg,Pitted_Surface,Pitted_Surface,0.9927
pitted_surface_245.jpg,Pitted_Surface,Pitted_Surface,0.8950
pitted_surface_153.jpg,Pitted_Surface,Pitted_Surface,0.7089
pitted_surface_82.jpg,Pitted_Surface,Pitted_Surface,0.6387
pitted_surface_242.jpg,Pitted_Surface,Pitted_Surface,0.9787
pitted_surface_67.jpg,Pitted_Surface,Rolled_In_Scale,0.3668
pitted_surface_252.jpg,Pitted_Surface,Pitted_Surface,0.9268
pitted_surface_175.jpg,Pitted_Surface,Pitted_Surface,0.9963
pitted_surface_86.jpg,Pitted_Surface,Pitted_Surface,0.6615
pitted_surface_162.jpg,Pitted_Surface,Pitted_Surface,0.9891
pitted_surface_300.jpg,Pitted_Surface,Pitted_Surface,0.9884
pitted_surface_100.jpg,Pitted_Surface,Pitted_Surface,0.9859
pitted_surface_15.jpg,Pitted_Surface,Pitted_Surface,0.9887
pitted_surface_135.jpg,Pitted_Surface,Pitted_Surface,0.9230
pitted_surface_25.jpg,Pitted_Surface,Pitted_Surface,0.9833
pitted_surface_173.jpg,Pitted_Surface,Pitted_Surface,0.9928
pitted_surface_213.jpg,Pitted_Surface,Pitted_Surface,0.8654
pitted_surface_250.jpg,Pitted_Surface,Pitted_Surface,0.9676
pitted_surface_176.jpg,Pitted_Surface,Pitted_Surface,0.9709
pitted_surface_30.jpg,Pitted_Surface,Pitted_Surface,0.9784
pitted_surface_112.jpg,Pitted_Surface,Pitted_Surface,0.6739
pitted_surface_105.jpg,Pitted_Surface,Pitted_Surface,0.9130
pitted_surface_133.jpg,Pitted_Surface,Pitted_Surface,0.9858
pitted_surface_172.jpg,Pitted_Surface,Pitted_Surface,0.9902
pitted_surface_194.jpg,Pitted_Surface,Pitted_Surface,0.9050
pitted_surface_269.jpg,Pitted_Surface,Pitted_Surface,0.9920
pitted_surface_264.jpg,Pitted_Surface,Pitted_Surface,0.5831
pitted_surface_22.jpg,Pitted_Surface,Pitted_Surface,0.9721
pitted_surface_72.jpg,Pitted_Surface,Pitted_Surface,0.9592
pitted_surface_221.jpg,Pitted_Surface,Pitted_Surface,0.9309
pitted_surface_157.jpg,Pitted_Surface,Pitted_Surface,0.9155
pitted_surface_240.jpg,Pitted_Surface,Pitted_Surface,0.9811
pitted_surface_280.jpg,Pitted_Surface,Pitted_Surface,0.8448
pitted_surface_278.jpg,Pitted_Surface,Pitted_Surface,0.9876
pitted_surface_99.jpg,Pitted_Surface,Pitted_Surface,0.8354
pitted_surface_290.jpg,Pitted_Surface,Pitted_Surface,0.9898
pitted_surface_206.jpg,Pitted_Surface,Pitted_Surface,0.9917
pitted_surface_124.jpg,Pitted_Surface,Pitted_Surface,0.6538
pitted_surface_68.jpg,Pitted_Surface,Inclusion,0.6792
pitted_surface_142.jpg,Pitted_Surface,Pitted_Surface,0.8949
pitted_surface_69.jpg,Pitted_Surface,Inclusion,0.4550
pitted_surface_200.jpg,Pitted_Surface,Pitted_Surface,0.9669
pitted_surface_281.jpg,Pitted_Surface,Pitted_Surface,0.8260
pitted_surface_147.jpg,Pitted_Surface,Pitted_Surface,0.9921
pitted_surface_16.jpg,Pitted_Surface,Pitted_Surface,0.9911
pitted_surface_207.jpg,Pitted_Surface,Pitted_Surface,0.9942
pitted_surface_201.jpg,Pitted_Surface,Pitted_Surface,0.9723
pitted_surface_47.jpg,Pitted_Surface,Pitted_Surface,0.6536
pitted_surface_148.jpg,Pitted_Surface,Pitted_Surface,0.9760
pitted_surface_282.jpg,Pitted_Surface,Inclusion,0.5572
pitted_surface_224.jpg,Pitted_Surface,Pitted_Surface,0.9288
pitted_surface_166.jpg,Pitted_Surface,Pitted_Surface,0.9922
pitted_surface_103.jpg,Pitted_Surface,Pitted_Surface,0.8187
pitted_surface_274.jpg,Pitted_Surface,Pitted_Surface,0.4308
pitted_surface_71.jpg,Pitted_Surface,Pitted_Surface,0.4967
pitted_surface_93.jpg,Pitted_Surface,Pitted_Surface,0.9732
pitted_surface_23.jpg,Pitted_Surface,Pitted_Surface,0.9914
pitted_surface_183.jpg,Pitted_Surface,Pitted_Surface,0.9887
pitted_surface_232.jpg,Pitted_Surface,Pitted_Surface,0.9587
pitted_surface_220.jpg,Pitted_Surface,Rolled_In_Scale,0.6241
pitted_surface_258.jpg,Pitted_Surface,Pitted_Surface,0.9895
pitted_surface_294.jpg,Pitted_Surface,Pitted_Surface,0.9049
pitted_surface_236.jpg,Pitted_Surface,Pitted_Surface,0.7505
pitted_surface_10.jpg,Pitted_Surface,Inclusion,0.5829
pitted_surface_177.jpg,Pitted_Surface,Pitted_Surface,0.9842
pitted_surface_149.jpg,Pitted_Surface,Pitted_Surface,0.9554
pitted_surface_18.jpg,Pitted_Surface,Pitted_Surface,0.9774
pitted_surface_188.jpg,Pitted_Surface,Pitted_Surface,0.9872
pitted_surface_272.jpg,Pitted_Surface,Pitted_Surface,0.7948
pitted_surface_35.jpg,Pitted_Surface,Pitted_Surface,0.7004
pitted_surface_80.jpg,Pitted_Surface,Pitted_Surface,0.9837
pitted_surface_89.jpg,Pitted_Surface,Inclusion,0.7145
pitted_surface_161.jpg,Pitted_Surface,Pitted_Surface,0.9530
pitted_surface_277.jpg,Pitted_Surface,Pitted_Surface,0.9853
pitted_surface_102.jpg,Pitted_Surface,Pitted_Surface,0.9830
pitted_surface_185.jpg,Pitted_Surface,Pitted_Surface,0.9838
pitted_surface_267.jpg,Pitted_Surface,Pitted_Surface,0.6940
pitted_surface_246.jpg,Pitted_Surface,Pitted_Surface,0.8400
pitted_surface_260.jpg,Pitted_Surface,Pitted_Surface,0.9384
pitted_surface_141.jpg,Pitted_Surface,Pitted_Surface,0.9894
pitted_surface_209.jpg,Pitted_Surface,Pitted_Surface,0.9892
pitted_surface_295.jpg,Pitted_Surface,Scratches,0.6123
pitted_surface_138.jpg,Pitted_Surface,Pitted_Surface,0.9855
pitted_surface_14.jpg,Pitted_Surface,Pitted_Surface,0.9815
pitted_surface_123.jpg,Pitted_Surface,Pitted_Surface,0.4266
pitted_surface_244.jpg,Pitted_Surface,Pitted_Surface,0.9804
pitted_surface_164.jpg,Pitted_Surface,Pitted_Surface,0.9371
pitted_surface_65.jpg,Pitted_Surface,Pitted_Surface,0.9680
pitted_surface_120.jpg,Pitted_Surface,Pitted_Surface,0.9841
pitted_surface_275.jpg,Pitted_Surface,Pitted_Surface,0.8394
pitted_surface_75.jpg,Pitted_Surface,Pitted_Surface,0.9848
pitted_surface_222.jpg,Pitted_Surface,Pitted_Surface,0.9506
pitted_surface_62.jpg,Pitted_Surface,Pitted_Surface,0.7230
pitted_surface_24.jpg,Pitted_Surface,Pitted_Surface,0.9937
pitted_surface_122.jpg,Pitted_Surface,Pitted_Surface,0.9834
pitted_surface_178.jpg,Pitted_Surface,Pitted_Surface,0.9719
pitted_surface_263.jpg,Pitted_Surface,Pitted_Surface,0.8296
pitted_surface_159.jpg,Pitted_Surface,Pitted_Surface,0.9727
pitted_surface_211.jpg,Pitted_Surface,Pitted_Surface,0.7449
pitted_surface_228.jpg,Pitted_Surface,Pitted_Surface,0.8678
pitted_surface_45.jpg,Pitted_Surface,Pitted_Surface,0.7972
pitted_surface_48.jpg,Pitted_Surface,Pitted_Surface,0.9362
pitted_surface_101.jpg,Pitted_Surface,Pitted_Surface,0.9876
pitted_surface_184.jpg,Pitted_Surface,Pitted_Surface,0.9894
pitted_surface_287.jpg,Pitted_Surface,Pitted_Surface,0.8183
pitted_surface_273.jpg,Pitted_Surface,Pitted_Surface,0.6379
pitted_surface_195.jpg,Pitted_Surface,Pitted_Surface,0.9838
pitted_surface_61.jpg,Pitted_Surface,Pitted_Surface,0.9849
pitted_surface_285.jpg,Pitted_Surface,Pitted_Surface,0.8731
pitted_surface_233.jpg,Pitted_Surface,Pitted_Surface,0.8881
pitted_surface_28.jpg,Pitted_Surface,Pitted_Surface,0.8075
pitted_surface_43.jpg,Pitted_Surface,Pitted_Surface,0.7938
pitted_surface_34.jpg,Pitted_Surface,Pitted_Surface,0.9401
pitted_surface_116.jpg,Pitted_Surface,Pitted_Surface,0.9843
pitted_surface_171.jpg,Pitted_Surface,Pitted_Surface,0.9932
pitted_surface_97.jpg,Pitted_Surface,Inclusion,0.4863
pitted_surface_137.jpg,Pitted_Surface,Pitted_Surface,0.7411
pitted_surface_27.jpg,Pitted_Surface,Pitted_Surface,0.6587
pitted_surface_170.jpg,Pitted_Surface,Pitted_Surface,0.9504
pitted_surface_129.jpg,Pitted_Surface,Pitted_Surface,0.9828
pitted_surface_189.jpg,Pitted_Surface,Pitted_Surface,0.9806
pitted_surface_270.jpg,Pitted_Surface,Pitted_Surface,0.9774
pitted_surface_193.jpg,Pitted_Surface,Pitted_Surface,0.8232
pitted_surface_180.jpg,Pitted_Surface,Pitted_Surface,0.9906
pitted_surface_286.jpg,Pitted_Surface,Pitted_Surface,0.9872
pitted_surface_191.jpg,Pitted_Surface,Pitted_Surface,0.9603
pitted_surface_106.jpg,Pitted_Surface,Pitted_Surface,0.8119
pitted_surface_283.jpg,Pitted_Surface,Pitted_Surface,0.9838
pitted_surface_108.jpg,Pitted_Surface,Inclusion,0.7317
pitted_surface_196.jpg,Pitted_Surface,Pitted_Surface,0.9789
pitted_surface_11.jpg,Pitted_Surface,Pitted_Surface,0.8715
pitted_surface_174.jpg,Pitted_Surface,Pitted_Surface,0.9949
pitted_surface_52.jpg,Pitted_Surface,Pitted_Surface,0.9862
pitted_surface_208.jpg,Pitted_Surface,Pitted_Surface,0.9740
pitted_surface_279.jpg,Pitted_Surface,Pitted_Surface,0.8017
pitted_surface_2.jpg,Pitted_Surface,Rolled_In_Scale,0.3568
pitted_surface_54.jpg,Pitted_Surface,Pitted_Surface,0.8306
pitted_surface_107.jpg,Pitted_Surface,Pitted_Surface,0.9100
pitted_surface_225.jpg,Pitted_Surface,Inclusion,0.4068
pitted_surface_216.jpg,Pitted_Surface,Pitted_Surface,0.7076
pitted_surface_4.jpg,Pitted_Surface,Inclusion,0.8240
pitted_surface_140.jpg,Pitted_Surface,Pitted_Surface,0.9793
pitted_surface_251.jpg,Pitted_Surface,Pitted_Surface,0.9323
pitted_surface_132.jpg,Pitted_Surface,Pitted_Surface,0.9829
pitted_surface_218.jpg,Pitted_Surface,Pitted_Surface,0.8164
pitted_surface_29.jpg,Pitted_Surface,Pitted_Surface,0.9132
pitted_surface_205.jpg,Pitted_Surface,Pitted_Surface,0.9935
pitted_surface_66.jpg,Pitted_Surface,Pitted_Surface,0.8864
pitted_surface_87.jpg,Pitted_Surface,Inclusion,0.8526
pitted_surface_227.jpg,Pitted_Surface,Inclusion,0.5540
pitted_surface_202.jpg,Pitted_Surface,Pitted_Surface,0.9739
pitted_surface_293.jpg,Pitted_Surface,Pitted_Surface,0.9826
pitted_surface_288.jpg,Pitted_Surface,Pitted_Surface,0.9583
pitted_surface_204.jpg,Pitted_Surface,Pitted_Surface,0.9816
pitted_surface_13.jpg,Pitted_Surface,Pitted_Surface,0.8150
pitted_surface_88.jpg,Pitted_Surface,Pitted_Surface,0.7491
pitted_surface_261.jpg,Pitted_Surface,Pitted_Surface,0.9423
pitted_surface_5.jpg,Pitted_Surface,Pitted_Surface,0.7435
pitted_surface_130.jpg,Pitted_Surface,Pitted_Surface,0.8256
pitted_surface_8.jpg,Pitted_Surface,Pitted_Surface,0.9441
pitted_surface_85.jpg,Pitted_Surface,Pitted_Surface,0.8021
pitted_surface_3.jpg,Pitted_Surface,Pitted_Surface,0.6172
pitted_surface_265.jpg,Pitted_Surface,Pitted_Surface,0.6953
pitted_surface_126.jpg,Pitted_Surface,Pitted_Surface,0.9293
pitted_surface_179.jpg,Pitted_Surface,Pitted_Surface,0.9908
pitted_surface_6.jpg,Pitted_Surface,Pitted_Surface,0.9195
pitted_surface_31.jpg,Pitted_Surface,Pitted_Surface,0.9917
pitted_surface_231.jpg,Pitted_Surface,Pitted_Surface,0.9839
pitted_surface_249.jpg,Pitted_Surface,Pitted_Surface,0.9908
pitted_surface_241.jpg,Pitted_Surface,Pitted_Surface,0.9943
pitted_surface_276.jpg,Pitted_Surface,Pitted_Surface,0.9642
pitted_surface_83.jpg,Pitted_Surface,Pitted_Surface,0.8843
pitted_surface_155.jpg,Pitted_Surface,Pitted_Surface,0.8474
pitted_surface_248.jpg,Pitted_Surface,Pitted_Surface,0.9925
pitted_surface_256.jpg,Pitted_Surface,Pitted_Surface,0.9062
pitted_surface_223.jpg,Pitted_Surface,Pitted_Surface,0.9100
pitted_surface_96.jpg,Pitted_Surface,Pitted_Surface,0.9609
pitted_surface_238.jpg,Pitted_Surface,Pitted_Surface,0.8498
pitted_surface_46.jpg,Pitted_Surface,Pitted_Surface,0.4445
pitted_surface_50.jpg,Pitted_Surface,Pitted_Surface,0.8465
pitted_surface_12.jpg,Pitted_Surface,Pitted_Surface,0.9645
pitted_surface_84.jpg,Pitted_Surface,Pitted_Surface,0.9312
pitted_surface_268.jpg,Pitted_Surface,Pitted_Surface,0.8750
pitted_surface_298.jpg,Pitted_Surface,Pitted_Surface,0.8741
pitted_surface_291.jpg,Pitted_Surface,Pitted_Surface,0.9313
pitted_surface_40.jpg,Pitted_Surface,Pitted_Surface,0.9336
pitted_surface_144.jpg,Pitted_Surface,Pitted_Surface,0.9030
pitted_surface_187.jpg,Pitted_Surface,Pitted_Surface,0.9858
pitted_surface_51.jpg,Pitted_Surface,Pitted_Surface,0.9913
pitted_surface_237.jpg,Pitted_Surface,Pitted_Surface,0.8374
pitted_surface_98.jpg,Pitted_Surface,Pitted_Surface,0.9847
pitted_surface_7.jpg,Pitted_Surface,Pitted_Surface,0.9005
pitted_surface_95.jpg,Pitted_Surface,Pitted_Surface,0.9501
pitted_surface_36.jpg,Pitted_Surface,Pitted_Surface,0.9230
pitted_surface_77.jpg,Pitted_Surface,Pitted_Surface,0.9871
pitted_surface_169.jpg,Pitted_Surface,Pitted_Surface,0.9774
pitted_surface_197.jpg,Pitted_Surface,Pitted_Surface,0.9844
pitted_surface_21.jpg,Pitted_Surface,Pitted_Surface,0.8991
pitted_surface_104.jpg,Pitted_Surface,Pitted_Surface,0.7571
pitted_surface_121.jpg,Pitted_Surface,Pitted_Surface,0.9865
pitted_surface_74.jpg,Pitted_Surface,Pitted_Surface,0.8066
pitted_surface_296.jpg,Pitted_Surface,Crazing,0.9143
pitted_surface_152.jpg,Pitted_Surface,Pitted_Surface,0.5990
pitted_surface_151.jpg,Pitted_Surface,Pitted_Surface,0.7892
pitted_surface_63.jpg,Pitted_Surface,Pitted_Surface,0.8339
pitted_surface_259.jpg,Pitted_Surface,Pitted_Surface,0.9825
pitted_surface_156.jpg,Pitted_Surface,Pitted_Surface,0.8774
pitted_surface_160.jpg,Pitted_Surface,Pitted_Surface,0.9868
pitted_surface_56.jpg,Pitted_Surface,Pitted_Surface,0.9955
pitted_surface_247.jpg,Pitted_Surface,Pitted_Surface,0.9911
pitted_surface_212.jpg,Pitted_Surface,Pitted_Surface,0.5485
pitted_surface_60.jpg,Pitted_Surface,Pitted_Surface,0.9946
pitted_surface_198.jpg,Pitted_Surface,Pitted_Surface,0.6997
pitted_surface_64.jpg,Pitted_Surface,Pitted_Surface,0.9474
pitted_surface_284.jpg,Pitted_Surface,Pitted_Surface,0.9928
pitted_surface_70.jpg,Pitted_Surface,Pitted_Surface,0.6911
pitted_surface_114.jpg,Pitted_Surface,Pitted_Surface,0.9830
pitted_surface_115.jpg,Pitted_Surface,Pitted_Surface,0.9874
pitted_surface_119.jpg,Pitted_Surface,Pitted_Surface,0.9822
rolled-in_scale_280.jpg,Rolled_In_Scale,Rolled_In_Scale,0.9919
rolled-in_scale_50.jpg,Rolled_In_Scale,Rolled_In_Scale,0.9885
rolled-in_scale_285.jpg,Rolled_In_Scale,Rolled_In_Scale,0.9986
rolled-in_scale_130.jpg,Rolled_In_Scale,Rolled_In_Scale,0.9659
rolled-in_scale_191.jpg,Rolled_In_Scale,Rolled_In_Scale,0.9722
rolled-in_scale_29.jpg,Rolled_In_Scale,Rolled_In_Scale,0.8781
rolled-in_scale_135.jpg,Rolled_In_Scale,Rolled_In_Scale,0.9607
rolled-in_scale_244.jpg,Rolled_In_Scale,Rolled_In_Scale,0.9960
rolled-in_scale_6.jpg,Rolled_In_Scale,Rolled_In_Scale,0.9623
rolled-in_scale_145.jpg,Rolled_In_Scale,Rolled_In_Scale,0.9789
rolled-in_scale_58.jpg,Rolled_In_Scale,Rolled_In_Scale,0.9347
rolled-in_scale_128.jpg,Rolled_In_Scale,Rolled_In_Scale,0.9871
rolled-in_scale_199.jpg,Rolled_In_Scale,Rolled_In_Scale,0.9903
rolled-in_scale_96.jpg,Rolled_In_Scale,Rolled_In_Scale,0.9337
rolled-in_scale_118.jpg,Rolled_In_Scale,Rolled_In_Scale,0.9396
rolled-in_scale_289.jpg,Rolled_In_Scale,Rolled_In_Scale,0.9984
rolled-in_scale_144.jpg,Rolled_In_Scale,Rolled_In_Scale,0.9716
rolled-in_scale_94.jpg,Rolled_In_Scale,Rolled_In_Scale,0.9489
rolled-in_scale_18.jpg,Rolled_In_Scale,Rolled_In_Scale,0.9272
rolled-in_scale_92.jpg,Rolled_In_Scale,Rolled_In_Scale,0.9726
rolled-in_scale_206.jpg,Rolled_In_Scale,Rolled_In_Scale,0.9947
rolled-in_scale_279.jpg,Rolled_In_Scale,Rolled_In_Scale,0.9903
rolled-in_scale_220.jpg,Rolled_In_Scale,Rolled_In_Scale,0.9910
rolled-in_scale_250.jpg,Rolled_In_Scale,Rolled_In_Scale,0.9688
rolled-in_scale_168.jpg,Rolled_In_Scale,Rolled_In_Scale,0.9645
rolled-in_scale_160.jpg,Rolled_In_Scale,Rolled_In_Scale,0.9726
rolled-in_scale_8.jpg,Rolled_In_Scale,Rolled_In_Scale,0.9782
rolled-in_scale_228.jpg,Rolled_In_Scale,Rolled_In_Scale,0.9978
rolled-in_scale_240.jpg,Rolled_In_Scale,Rolled_In_Scale,0.9962
rolled-in_scale_255.jpg,Rolled_In_Scale,Rolled_In_Scale,0.9898
rolled-in_scale_210.jpg,Rolled_In_Scale,Rolled_In_Scale,0.9801
rolled-in_scale_263.jpg,Rolled_In_Scale,Rolled_In_Scale,0.9980
rolled-in_scale_278.jpg,Rolled_In_Scale,Rolled_In_Scale,0.9839
rolled-in_scale_106.jpg,Rolled_In_Scale,Rolled_In_Scale,0.9524
rolled-in_scale_196.jpg,Rolled_In_Scale,Rolled_In_Scale,0.9824
rolled-in_scale_238.jpg,Rolled_In_Scale,Rolled_In_Scale,0.9978
rolled-in_scale_214.jpg,Rolled_In_Scale,Rolled_In_Scale,0.9781
rolled-in_scale_35.jpg,Rolled_In_Scale,Rolled_In_Scale,0.8921
rolled-in_scale_239.jpg,Rolled_In_Scale,Rolled_In_Scale,0.9912
rolled-in_scale_179.jpg,Rolled_In_Scale,Rolled_In_Scale,0.9593
rolled-in_scale_3.jpg,Rolled_In_Scale,Rolled_In_Scale,0.9351
rolled-in_scale_39.jpg,Rolled_In_Scale,Rolled_In_Scale,0.9584
rolled-in_scale_256.jpg,Rolled_In_Scale,Rolled_In_Scale,0.9920
rolled-in_scale_155.jpg,Rolled_In_Scale,Rolled_In_Scale,0.8832
rolled-in_scale_249.jpg,Rolled_In_Scale,Rolled_In_Scale,0.9936
rolled-in_scale_158.jpg,Rolled_In_Scale,Rolled_In_Scale,0.9493
rolled-in_scale_98.jpg,Rolled_In_Scale,Rolled_In_Scale,0.9717
rolled-in_scale_211.jpg,Rolled_In_Scale,Rolled_In_Scale,0.9953
rolled-in_scale_93.jpg,Rolled_In_Scale,Rolled_In_Scale,0.9831
rolled-in_scale_81.jpg,Rolled_In_Scale,Rolled_In_Scale,0.9917
rolled-in_scale_296.jpg,Rolled_In_Scale,Rolled_In_Scale,0.9889
rolled-in_scale_34.jpg,Rolled_In_Scale,Rolled_In_Scale,0.8176
rolled-in_scale_14.jpg,Rolled_In_Scale,Rolled_In_Scale,0.9150
rolled-in_scale_121.jpg,Rolled_In_Scale,Rolled_In_Scale,0.9864
rolled-in_scale_183.jpg,Rolled_In_Scale,Rolled_In_Scale,0.9816
rolled-in_scale_84.jpg,Rolled_In_Scale,Rolled_In_Scale,0.9207
rolled-in_scale_290.jpg,Rolled_In_Scale,Rolled_In_Scale,0.9955
rolled-in_scale_167.jpg,Rolled_In_Scale,Rolled_In_Scale,0.9127
rolled-in_scale_136.jpg,Rolled_In_Scale,Rolled_In_Scale,0.9234
rolled-in_scale_202.jpg,Rolled_In_Scale,Rolled_In_Scale,0.9924
rolled-in_scale_162.jpg,Rolled_In_Scale,Rolled_In_Scale,0.9768
rolled-in_scale_12.jpg,Rolled_In_Scale,Rolled_In_Scale,0.9860
rolled-in_scale_253.jpg,Rolled_In_Scale,Rolled_In_Scale,0.9934
rolled-in_scale_108.jpg,Rolled_In_Scale,Rolled_In_Scale,0.9688
rolled-in_scale_222.jpg,Rolled_In_Scale,Rolled_In_Scale,0.9897
rolled-in_scale_33.jpg,Rolled_In_Scale,Rolled_In_Scale,0.7882
rolled-in_scale_281.jpg,Rolled_In_Scale,Rolled_In_Scale,0.9891
rolled-in_scale_149.jpg,Rolled_In_Scale,Rolled_In_Scale,0.9653
rolled-in_scale_122.jpg,Rolled_In_Scale,Rolled_In_Scale,0.9673
rolled-in_scale_89.jpg,Rolled_In_Scale,Rolled_In_Scale,0.9652
rolled-in_scale_170.jpg,Rolled_In_Scale,Rolled_In_Scale,0.9311
rolled-in_scale_104.jpg,Rolled_In_Scale,Rolled_In_Scale,0.9702
rolled-in_scale_221.jpg,Rolled_In_Scale,Rolled_In_Scale,0.9760
rolled-in_scale_233.jpg,Rolled_In_Scale,Rolled_In_Scale,0.9879
rolled-in_scale_15.jpg,Rolled_In_Scale,Rolled_In_Scale,0.7951
rolled-in_scale_95.jpg,Rolled_In_Scale,Rolled_In_Scale,0.8690
rolled-in_scale_62.jpg,Rolled_In_Scale,Rolled_In_Scale,0.9611
rolled-in_scale_49.jpg,Rolled_In_Scale,Rolled_In_Scale,0.9916
rolled-in_scale_111.jpg,Rolled_In_Scale,Rolled_In_Scale,0.9407
rolled-in_scale_28.jpg,Rolled_In_Scale,Rolled_In_Scale,0.8486
rolled-in_scale_177.jpg,Rolled_In_Scale,Rolled_In_Scale,0.9920
rolled-in_scale_243.jpg,Rolled_In_Scale,Rolled_In_Scale,0.9931
rolled-in_scale_36.jpg,Rolled_In_Scale,Rolled_In_Scale,0.9297
rolled-in_scale_235.jpg,Rolled_In_Scale,Rolled_In_Scale,0.9951
rolled-in_scale_46.jpg,Rolled_In_Scale,Rolled_In_Scale,0.7836
rolled-in_scale_17.jpg,Rolled_In_Scale,Rolled_In_Scale,0.9104
rolled-in_scale_1.jpg,Rolled_In_Scale,Rolled_In_Scale,0.7701
rolled-in_scale_54.jpg,Rolled_In_Scale,Rolled_In_Scale,0.9790
rolled-in_scale_219.jpg,Rolled_In_Scale,Rolled_In_Scale,0.9880
rolled-in_scale_182.jpg,Rolled_In_Scale,Rolled_In_Scale,0.9840
rolled-in_scale_217.jpg,Rolled_In_Scale,Rolled_In_Scale,0.9900
rolled-in_scale_299.jpg,Rolled_In_Scale,Rolled_In_Scale,0.9979
rolled-in_scale_178.jpg,Rolled_In_Scale,Rolled_In_Scale,0.7546
rolled-in_scale_101.jpg,Rolled_In_Scale,Rolled_In_Scale,0.9555
rolled-in_scale_68.jpg,Rolled_In_Scale,Rolled_In_Scale,0.9298
rolled-in_scale_2.jpg,Rolled_In_Scale,Rolled_In_Scale,0.8356
rolled-in_scale_38.jpg,Rolled_In_Scale,Rolled_In_Scale,0.9382
rolled-in_scale_190.jpg,Rolled_In_Scale,Rolled_In_Scale,0.9817
rolled-in_scale_102.jpg,Rolled_In_Scale,Rolled_In_Scale,0.9029
rolled-in_scale_99.jpg,Rolled_In_Scale,Rolled_In_Scale,0.9657
rolled-in_scale_195.jpg,Rolled_In_Scale,Rolled_In_Scale,0.9763
rolled-in_scale_188.jpg,Rolled_In_Scale,Rolled_In_Scale,0.9944
rolled-in_scale_266.jpg,Rolled_In_Scale,Rolled_In_Scale,0.9899
rolled-in_scale_267.jpg,Rolled_In_Scale,Rolled_In_Scale,0.9898
rolled-in_scale_55.jpg,Rolled_In_Scale,Rolled_In_Scale,0.8246
rolled-in_scale_226.jpg,Rolled_In_Scale,Rolled_In_Scale,0.9964
rolled-in_scale_248.jpg,Rolled_In_Scale,Rolled_In_Scale,0.9932
rolled-in_scale_209.jpg,Rolled_In_Scale,Rolled_In_Scale,0.9891
rolled-in_scale_197.jpg,Rolled_In_Scale,Rolled_In_Scale,0.9711
rolled-in_scale_48.jpg,Rolled_In_Scale,Rolled_In_Scale,0.9885
rolled-in_scale_126.jpg,Rolled_In_Scale,Rolled_In_Scale,0.9185
rolled-in_scale_59.jpg,Rolled_In_Scale,Rolled_In_Scale,0.9018
rolled-in_scale_231.jpg,Rolled_In_Scale,Rolled_In_Scale,0.9872
rolled-in_scale_161.jpg,Rolled_In_Scale,Rolled_In_Scale,0.9467
rolled-in_scale_242.jpg,Rolled_In_Scale,Rolled_In_Scale,0.9960
rolled-in_scale_180.jpg,Rolled_In_Scale,Rolled_In_Scale,0.8865
rolled-in_scale_47.jpg,Rolled_In_Scale,Rolled_In_Scale,0.9828
rolled-in_scale_114.jpg,Rolled_In_Scale,Rolled_In_Scale,0.9549
rolled-in_scale_23.jpg,Rolled_In_Scale,Rolled_In_Scale,0.9307
rolled-in_scale_72.jpg,Rolled_In_Scale,Rolled_In_Scale,0.9168
rolled-in_scale_185.jpg,Rolled_In_Scale,Rolled_In_Scale,0.9807
rolled-in_scale_246.jpg,Rolled_In_Scale,Rolled_In_Scale,0.9930
rolled-in_scale_105.jpg,Rolled_In_Scale,Rolled_In_Scale,0.9502
rolled-in_scale_119.jpg,Rolled_In_Scale,Rolled_In_Scale,0.9274
rolled-in_scale_198.jpg,Rolled_In_Scale,Rolled_In_Scale,0.9940
rolled-in_scale_32.jpg,Rolled_In_Scale,Rolled_In_Scale,0.8509
rolled-in_scale_171.jpg,Rolled_In_Scale,Rolled_In_Scale,0.9917
rolled-in_scale_224.jpg,Rolled_In_Scale,Rolled_In_Scale,0.9937
rolled-in_scale_189.jpg,Rolled_In_Scale,Rolled_In_Scale,0.9894
rolled-in_scale_232.jpg,Rolled_In_Scale,Rolled_In_Scale,0.9913
rolled-in_scale_282.jpg,Rolled_In_Scale,Rolled_In_Scale,0.9971
rolled-in_scale_86.jpg,Rolled_In_Scale,Rolled_In_Scale,0.9540
rolled-in_scale_67.jpg,Rolled_In_Scale,Rolled_In_Scale,0.9077
rolled-in_scale_75.jpg,Rolled_In_Scale,Rolled_In_Scale,0.9806
rolled-in_scale_10.jpg,Rolled_In_Scale,Rolled_In_Scale,0.9535
rolled-in_scale_207.jpg,Rolled_In_Scale,Rolled_In_Scale,0.9677
rolled-in_scale_286.jpg,Rolled_In_Scale,Rolled_In_Scale,0.9955
rolled-in_scale_229.jpg,Rolled_In_Scale,Rolled_In_Scale,0.9897
rolled-in_scale_76.jpg,Rolled_In_Scale,Rolled_In_Scale,0.9721
rolled-in_scale_252.jpg,Rolled_In_Scale,Rolled_In_Scale,0.9907
rolled-in_scale_123.jpg,Rolled_In_Scale,Rolled_In_Scale,0.9754
rolled-in_scale_225.jpg,Rolled_In_Scale,Rolled_In_Scale,0.9983
rolled-in_scale_186.jpg,Rolled_In_Scale,Rolled_In_Scale,0.9814
rolled-in_scale_134.jpg,Rolled_In_Scale,Rolled_In_Scale,0.9670
rolled-in_scale_44.jpg,Rolled_In_Scale,Rolled_In_Scale,0.8865
rolled-in_scale_127.jpg,Rolled_In_Scale,Rolled_In_Scale,0.9250
rolled-in_scale_159.jpg,Rolled_In_Scale,Rolled_In_Scale,0.8826
rolled-in_scale_265.jpg,Rolled_In_Scale,Rolled_In_Scale,0.9899
rolled-in_scale_30.jpg,Rolled_In_Scale,Rolled_In_Scale,0.7588
rolled-in_scale_251.jpg,Rolled_In_Scale,Rolled_In_Scale,0.9769
rolled-in_scale_172.jpg,Rolled_In_Scale,Rolled_In_Scale,0.9852
rolled-in_scale_139.jpg,Rolled_In_Scale,Rolled_In_Scale,0.9639
rolled-in_scale_73.jpg,Rolled_In_Scale,Rolled_In_Scale,0.9484
rolled-in_scale_298.jpg,Rolled_In_Scale,Rolled_In_Scale,0.9981
rolled-in_scale_63.jpg,Rolled_In_Scale,Rolled_In_Scale,0.9234
rolled-in_scale_153.jpg,Rolled_In_Scale,Rolled_In_Scale,0.9915
rolled-in_scale_288.jpg,Rolled_In_Scale,Rolled_In_Scale,0.9986
rolled-in_scale_215.jpg,Rolled_In_Scale,Rolled_In_Scale,0.9822
rolled-in_scale_13.jpg,Rolled_In_Scale,Rolled_In_Scale,0.9838
rolled-in_scale_112.jpg,Rolled_In_Scale,Rolled_In_Scale,0.9778
rolled-in_scale_200.jpg,Rolled_In_Scale,Rolled_In_Scale,0.9724
rolled-in_scale_37.jpg,Rolled_In_Scale,Rolled_In_Scale,0.9106
rolled-in_scale_261.jpg,Rolled_In_Scale,Rolled_In_Scale,0.9937
rolled-in_scale_70.jpg,Rolled_In_Scale,Rolled_In_Scale,0.9596
rolled-in_scale_16.jpg,Rolled_In_Scale,Rolled_In_Scale,0.9171
rolled-in_scale_234.jpg,Rolled_In_Scale,Rolled_In_Scale,0.9860
rolled-in_scale_236.jpg,Rolled_In_Scale,Rolled_In_Scale,0.9930
rolled-in_scale_9.jpg,Rolled_In_Scale,Rolled_In_Scale,0.9088
rolled-in_scale_21.jpg,Rolled_In_Scale,Rolled_In_Scale,0.9450
rolled-in_scale_287.jpg,Rolled_In_Scale,Rolled_In_Scale,0.9934
rolled-in_scale_284.jpg,Rolled_In_Scale,Rolled_In_Scale,0.9882
rolled-in_scale_109.jpg,Rolled_In_Scale,Rolled_In_Scale,0.8924
rolled-in_scale_271.jpg,Rolled_In_Scale,Rolled_In_Scale,0.9929
rolled-in_scale_27.jpg,Rolled_In_Scale,Rolled_In_Scale,0.8107
rolled-in_scale_157.jpg,Rolled_In_Scale,Rolled_In_Scale,0.9510
rolled-in_scale_269.jpg,Rolled_In_Scale,Rolled_In_Scale,0.9930
rolled-in_scale_165.jpg,Rolled_In_Scale,Rolled_In_Scale,0.9844
rolled-in_scale_120.jpg,Rolled_In_Scale,Rolled_In_Scale,0.9529
rolled-in_scale_142.jpg,Rolled_In_Scale,Rolled_In_Scale,0.9723
rolled-in_scale_138.jpg,Rolled_In_Scale,Rolled_In_Scale,0.9775
rolled-in_scale_262.jpg,Rolled_In_Scale,Rolled_In_Scale,0.9883
rolled-in_scale_173.jpg,Rolled_In_Scale,Rolled_In_Scale,0.9522
rolled-in_scale_24.jpg,Rolled_In_Scale,Rolled_In_Scale,0.9154
rolled-in_scale_56.jpg,Rolled_In_Scale,Rolled_In_Scale,0.9660
rolled-in_scale_83.jpg,Rolled_In_Scale,Rolled_In_Scale,0.9886
rolled-in_scale_22.jpg,Rolled_In_Scale,Rolled_In_Scale,0.9319
rolled-in_scale_45.jpg,Rolled_In_Scale,Rolled_In_Scale,0.9632
rolled-in_scale_26.jpg,Rolled_In_Scale,Rolled_In_Scale,0.8646
rolled-in_scale_276.jpg,Rolled_In_Scale,Rolled_In_Scale,0.9807
rolled-in_scale_247.jpg,Rolled_In_Scale,Rolled_In_Scale,0.9921
rolled-in_scale_82.jpg,Rolled_In_Scale,Rolled_In_Scale,0.9814
rolled-in_scale_69.jpg,Rolled_In_Scale,Rolled_In_Scale,0.9665
rolled-in_scale_100.jpg,Rolled_In_Scale,Rolled_In_Scale,0.9019
rolled-in_scale_131.jpg,Rolled_In_Scale,Rolled_In_Scale,0.9912
rolled-in_scale_77.jpg,Rolled_In_Scale,Rolled_In_Scale,0.9863
rolled-in_scale_258.jpg,Rolled_In_Scale,Rolled_In_Scale,0.9923
rolled-in_scale_274.jpg,Rolled_In_Scale,Rolled_In_Scale,0.9977
rolled-in_scale_152.jpg,Rolled_In_Scale,Rolled_In_Scale,0.8959
rolled-in_scale_230.jpg,Rolled_In_Scale,Rolled_In_Scale,0.9963
rolled-in_scale_146.jpg,Rolled_In_Scale,Rolled_In_Scale,0.9579
rolled-in_scale_40.jpg,Rolled_In_Scale,Rolled_In_Scale,0.9263
rolled-in_scale_141.jpg,Rolled_In_Scale,Rolled_In_Scale,0.9846
rolled-in_scale_5.jpg,Rolled_In_Scale,Rolled_In_Scale,0.9470
rolled-in_scale_204.jpg,Rolled_In_Scale,Rolled_In_Scale,0.9866
rolled-in_scale_164.jpg,Rolled_In_Scale,Rolled_In_Scale,0.9759
rolled-in_scale_107.jpg,Rolled_In_Scale,Rolled_In_Scale,0.9695
rolled-in_scale_147.jpg,Rolled_In_Scale,Rolled_In_Scale,0.9842
rolled-in_scale_71.jpg,Rolled_In_Scale,Rolled_In_Scale,0.9579
rolled-in_scale_60.jpg,Rolled_In_Scale,Rolled_In_Scale,0.9705
rolled-in_scale_78.jpg,Rolled_In_Scale,Rolled_In_Scale,0.9941
rolled-in_scale_88.jpg,Rolled_In_Scale,Rolled_In_Scale,0.9881
rolled-in_scale_11.jpg,Rolled_In_Scale,Rolled_In_Scale,0.9164
rolled-in_scale_53.jpg,Rolled_In_Scale,Rolled_In_Scale,0.9721
rolled-in_scale_137.jpg,Rolled_In_Scale,Rolled_In_Scale,0.9606
rolled-in_scale_293.jpg,Rolled_In_Scale,Rolled_In_Scale,0.9984
rolled-in_scale_117.jpg,Rolled_In_Scale,Rolled_In_Scale,0.9731
rolled-in_scale_270.jpg,Rolled_In_Scale,Rolled_In_Scale,0.9944
rolled-in_scale_148.jpg,Rolled_In_Scale,Rolled_In_Scale,0.9053
rolled-in_scale_66.jpg,Rolled_In_Scale,Rolled_In_Scale,0.8792
rolled-in_scale_192.jpg,Rolled_In_Scale,Rolled_In_Scale,0.9812
rolled-in_scale_275.jpg,Rolled_In_Scale,Rolled_In_Scale,0.9896
rolled-in_scale_184.jpg,Rolled_In_Scale,Rolled_In_Scale,0.9915
rolled-in_scale_218.jpg,Rolled_In_Scale,Rolled_In_Scale,0.9949
rolled-in_scale_254.jpg,Rolled_In_Scale,Rolled_In_Scale,0.9831
rolled-in_scale_264.jpg,Rolled_In_Scale,Rolled_In_Scale,0.9910
rolled-in_scale_4.jpg,Rolled_In_Scale,Rolled_In_Scale,0.9546
rolled-in_scale_150.jpg,Rolled_In_Scale,Rolled_In_Scale,0.9864
rolled-in_scale_176.jpg,Rolled_In_Scale,Rolled_In_Scale,0.9742
rolled-in_scale_80.jpg,Rolled_In_Scale,Rolled_In_Scale,0.9880
rolled-in_scale_292.jpg,Rolled_In_Scale,Rolled_In_Scale,0.9975
rolled-in_scale_20.jpg,Rolled_In_Scale,Rolled_In_Scale,0.9744
rolled-in_scale_272.jpg,Rolled_In_Scale,Rolled_In_Scale,0.9967
rolled-in_scale_212.jpg,Rolled_In_Scale,Rolled_In_Scale,0.9858
rolled-in_scale_201.jpg,Rolled_In_Scale,Rolled_In_Scale,0.9793
rolled-in_scale_110.jpg,Rolled_In_Scale,Rolled_In_Scale,0.9680
rolled-in_scale_294.jpg,Rolled_In_Scale,Rolled_In_Scale,0.9985
rolled-in_scale_260.jpg,Rolled_In_Scale,Rolled_In_Scale,0.9938
rolled-in_scale_31.jpg,Rolled_In_Scale,Rolled_In_Scale,0.8348
rolled-in_scale_90.jpg,Rolled_In_Scale,Rolled_In_Scale,0.9630
rolled-in_scale_85.jpg,Rolled_In_Scale,Rolled_In_Scale,0.9345
rolled-in_scale_237.jpg,Rolled_In_Scale,Rolled_In_Scale,0.9890
rolled-in_scale_42.jpg,Rolled_In_Scale,Rolled_In_Scale,0.9789
rolled-in_scale_19.jpg,Rolled_In_Scale,Rolled_In_Scale,0.8566
rolled-in_scale_91.jpg,Rolled_In_Scale,Rolled_In_Scale,0.9635
rolled-in_scale_143.jpg,Rolled_In_Scale,Rolled_In_Scale,0.9785
rolled-in_scale_65.jpg,Rolled_In_Scale,Rolled_In_Scale,0.9614
rolled-in_scale_291.jpg,Rolled_In_Scale,Rolled_In_Scale,0.9972
rolled-in_scale_87.jpg,Rolled_In_Scale,Rolled_In_Scale,0.9671
rolled-in_scale_245.jpg,Rolled_In_Scale,Rolled_In_Scale,0.9948
rolled-in_scale_203.jpg,Rolled_In_Scale,Rolled_In_Scale,0.9749
rolled-in_scale_154.jpg,Rolled_In_Scale,Rolled_In_Scale,0.9386
rolled-in_scale_297.jpg,Rolled_In_Scale,Rolled_In_Scale,0.9988
rolled-in_scale_140.jpg,Rolled_In_Scale,Rolled_In_Scale,0.9550
rolled-in_scale_194.jpg,Rolled_In_Scale,Rolled_In_Scale,0.9821
rolled-in_scale_227.jpg,Rolled_In_Scale,Rolled_In_Scale,0.9976
rolled-in_scale_57.jpg,Rolled_In_Scale,Rolled_In_Scale,0.8904
rolled-in_scale_273.jpg,Rolled_In_Scale,Rolled_In_Scale,0.9972
rolled-in_scale_268.jpg,Rolled_In_Scale,Rolled_In_Scale,0.9943
rolled-in_scale_213.jpg,Rolled_In_Scale,Rolled_In_Scale,0.9964
rolled-in_scale_300.jpg,Rolled_In_Scale,Rolled_In_Scale,0.9951
rolled-in_scale_208.jpg,Rolled_In_Scale,Rolled_In_Scale,0.9907
rolled-in_scale_41.jpg,Rolled_In_Scale,Rolled_In_Scale,0.9780
rolled-in_scale_193.jpg,Rolled_In_Scale,Rolled_In_Scale,0.9861
rolled-in_scale_74.jpg,Rolled_In_Scale,Rolled_In_Scale,0.8189
rolled-in_scale_175.jpg,Rolled_In_Scale,Rolled_In_Scale,0.9956
rolled-in_scale_174.jpg,Rolled_In_Scale,Rolled_In_Scale,0.9938
rolled-in_scale_283.jpg,Rolled_In_Scale,Rolled_In_Scale,0.9980
rolled-in_scale_156.jpg,Rolled_In_Scale,Rolled_In_Scale,0.8624
rolled-in_scale_103.jpg,Rolled_In_Scale,Rolled_In_Scale,0.9521
rolled-in_scale_64.jpg,Rolled_In_Scale,Rolled_In_Scale,0.9601
rolled-in_scale_52.jpg,Rolled_In_Scale,Rolled_In_Scale,0.9647
rolled-in_scale_51.jpg,Rolled_In_Scale,Rolled_In_Scale,0.9435
rolled-in_scale_124.jpg,Rolled_In_Scale,Rolled_In_Scale,0.9647
rolled-in_scale_129.jpg,Rolled_In_Scale,Rolled_In_Scale,0.9417
rolled-in_scale_113.jpg,Rolled_In_Scale,Rolled_In_Scale,0.9900
rolled-in_scale_166.jpg,Rolled_In_Scale,Rolled_In_Scale,0.9705
rolled-in_scale_132.jpg,Rolled_In_Scale,Rolled_In_Scale,0.9662
rolled-in_scale_216.jpg,Rolled_In_Scale,Rolled_In_Scale,0.9897
rolled-in_scale_116.jpg,Rolled_In_Scale,Rolled_In_Scale,0.9567
rolled-in_scale_125.jpg,Rolled_In_Scale,Rolled_In_Scale,0.9467
rolled-in_scale_163.jpg,Rolled_In_Scale,Rolled_In_Scale,0.9732
rolled-in_scale_257.jpg,Rolled_In_Scale,Rolled_In_Scale,0.9916
rolled-in_scale_181.jpg,Rolled_In_Scale,Rolled_In_Scale,0.9797
scratches_140.jpg,Scratches,Scratches,0.9991
scratches_234.jpg,Scratches,Scratches,0.8627
scratches_26.jpg,Scratches,Scratches,0.9995
scratches_106.jpg,Scratches,Scratches,0.7439
scratches_159.jpg,Scratches,Scratches,0.9972
scratches_68.jpg,Scratches,Scratches,0.8503
scratches_79.jpg,Scratches,Scratches,0.9991
scratches_150.jpg,Scratches,Scratches,0.8930
scratches_286.jpg,Scratches,Scratches,0.9827
scratches_200.jpg,Scratches,Scratches,0.9919
scratches_277.jpg,Scratches,Scratches,0.9833
scratches_250.jpg,Scratches,Scratches,0.9995
scratches_202.jpg,Scratches,Scratches,0.7485
scratches_267.jpg,Scratches,Scratches,0.9147
scratches_35.jpg,Scratches,Scratches,0.7927
scratches_30.jpg,Scratches,Scratches,0.9992
scratches_37.jpg,Scratches,Scratches,0.8887
scratches_296.jpg,Scratches,Scratches,0.9962
scratches_153.jpg,Scratches,Scratches,0.9970
scratches_199.jpg,Scratches,Scratches,0.9924
scratches_145.jpg,Scratches,Scratches,0.9998
scratches_19.jpg,Scratches,Scratches,0.5827
scratches_187.jpg,Scratches,Scratches,0.9996
scratches_91.jpg,Scratches,Scratches,0.8167
scratches_214.jpg,Scratches,Scratches,0.9977
scratches_104.jpg,Scratches,Scratches,0.9780
scratches_125.jpg,Scratches,Scratches,0.8233
scratches_124.jpg,Scratches,Scratches,0.8613
scratches_57.jpg,Scratches,Inclusion,0.4684
scratches_6.jpg,Scratches,Scratches,0.9991
scratches_48.jpg,Scratches,Scratches,0.8716
scratches_119.jpg,Scratches,Scratches,0.9999
scratches_269.jpg,Scratches,Scratches,0.9945
scratches_33.jpg,Scratches,Inclusion,0.8035
scratches_201.jpg,Scratches,Scratches,0.9972
scratches_44.jpg,Scratches,Inclusion,0.9062
scratches_280.jpg,Scratches,Scratches,0.9985
scratches_130.jpg,Scratches,Scratches,0.9894
scratches_64.jpg,Scratches,Scratches,0.5626
scratches_46.jpg,Scratches,Scratches,0.6091
scratches_4.jpg,Scratches,Scratches,0.9137
scratches_47.jpg,Scratches,Scratches,0.9141
scratches_11.jpg,Scratches,Scratches,0.9751
scratches_58.jpg,Scratches,Scratches,0.7234
scratches_148.jpg,Scratches,Scratches,0.9997
scratches_149.jpg,Scratches,Scratches,0.9880
scratches_223.jpg,Scratches,Scratches,0.9675
scratches_96.jpg,Scratches,Inclusion,0.6390
scratches_98.jpg,Scratches,Inclusion,0.6449
scratches_73.jpg,Scratches,Inclusion,0.6213
scratches_8.jpg,Scratches,Scratches,0.9230
scratches_107.jpg,Scratches,Scratches,0.9934
scratches_162.jpg,Scratches,Scratches,0.9994
scratches_60.jpg,Scratches,Pitted_Surface,0.7378
scratches_194.jpg,Scratches,Scratches,0.9988
scratches_222.jpg,Scratches,Scratches,0.9871
scratches_221.jpg,Scratches,Scratches,0.9932
scratches_18.jpg,Scratches,Scratches,0.6105
scratches_80.jpg,Scratches,Inclusion,0.5698
scratches_264.jpg,Scratches,Rolled_In_Scale,0.8782
scratches_237.jpg,Scratches,Scratches,0.9288
scratches_216.jpg,Scratches,Scratches,0.9998
scratches_38.jpg,Scratches,Scratches,0.8708
scratches_134.jpg,Scratches,Scratches,0.9972
scratches_22.jpg,Scratches,Scratches,0.9882
scratches_228.jpg,Scratches,Scratches,0.9969
scratches_83.jpg,Scratches,Scratches,0.6357
scratches_205.jpg,Scratches,Scratches,0.5996
scratches_206.jpg,Scratches,Scratches,0.9986
scratches_78.jpg,Scratches,Scratches,0.9993
scratches_176.jpg,Scratches,Scratches,0.9996
scratches_252.jpg,Scratches,Scratches,0.9984
scratches_161.jpg,Scratches,Scratches,0.9944
scratches_281.jpg,Scratches,Scratches,0.9800
scratches_284.jpg,Scratches,Scratches,0.9953
scratches_146.jpg,Scratches,Scratches,0.9998
scratches_197.jpg,Scratches,Scratches,0.9943
scratches_219.jpg,Scratches,Scratches,0.9989
scratches_189.jpg,Scratches,Scratches,0.9979
scratches_21.jpg,Scratches,Scratches,0.9615
scratches_263.jpg,Scratches,Scratches,0.9005
scratches_101.jpg,Scratches,Scratches,0.8632
scratches_242.jpg,Scratches,Scratches,0.9267
scratches_171.jpg,Scratches,Scratches,0.9615
scratches_27.jpg,Scratches,Scratches,0.9983
scratches_100.jpg,Scratches,Scratches,0.9808
scratches_207.jpg,Scratches,Scratches,0.9965
scratches_92.jpg,Scratches,Scratches,0.7015
scratches_42.jpg,Scratches,Scratches,0.8014
scratches_69.jpg,Scratches,Inclusion,0.8612
scratches_253.jpg,Scratches,Scratches,0.9989
scratches_241.jpg,Scratches,Rolled_In_Scale,0.5277
scratches_268.jpg,Scratches,Scratches,0.9818
scratches_188.jpg,Scratches,Scratches,0.9999
scratches_32.jpg,Scratches,Scratches,0.6832
scratches_113.jpg,Scratches,Scratches,0.9998
scratches_239.jpg,Scratches,Scratches,0.9962
scratches_123.jpg,Scratches,Scratches,0.9998
scratches_236.jpg,Scratches,Scratches,0.9930
scratches_99.jpg,Scratches,Scratches,0.7655
scratches_293.jpg,Scratches,Scratches,0.9732
scratches_266.jpg,Scratches,Scratches,0.9943
scratches_155.jpg,Scratches,Scratches,0.9984
scratches_34.jpg,Scratches,Inclusion,0.5613
scratches_156.jpg,Scratches,Scratches,0.9997
scratches_163.jpg,Scratches,Patches,0.9106
scratches_276.jpg,Scratches,Scratches,0.9717
scratches_259.jpg,Scratches,Scratches,0.9979
scratches_271.jpg,Scratches,Scratches,0.9727
scratches_90.jpg,Scratches,Pitted_Surface,0.3881
scratches_238.jpg,Scratches,Scratches,0.9867
scratches_248.jpg,Scratches,Scratches,0.9083
scratches_256.jpg,Scratches,Scratches,0.9949
scratches_52.jpg,Scratches,Scratches,0.8916
scratches_63.jpg,Scratches,Scratches,0.5811
scratches_129.jpg,Scratches,Scratches,0.9892
scratches_246.jpg,Scratches,Scratches,0.6175
scratches_136.jpg,Scratches,Scratches,0.9941
scratches_217.jpg,Scratches,Scratches,0.9997
scratches_204.jpg,Scratches,Scratches,0.9364
scratches_233.jpg,Scratches,Scratches,0.9737
scratches_295.jpg,Scratches,Scratches,0.8954
scratches_243.jpg,Scratches,Scratches,0.9731
scratches_76.jpg,Scratches,Inclusion,0.7109
scratches_192.jpg,Scratches,Scratches,0.9999
scratches_17.jpg,Scratches,Scratches,0.8691
scratches_120.jpg,Scratches,Scratches,0.9968
scratches_127.jpg,Scratches,Scratches,0.9886
scratches_40.jpg,Scratches,Scratches,0.4087
scratches_181.jpg,Scratches,Scratches,0.9997
scratches_279.jpg,Scratches,Scratches,0.9769
scratches_97.jpg,Scratches,Scratches,0.9350
scratches_278.jpg,Scratches,Scratches,0.9587
scratches_254.jpg,Scratches,Scratches,0.9961
scratches_168.jpg,Scratches,Scratches,0.9894
scratches_126.jpg,Scratches,Scratches,0.9708
scratches_172.jpg,Scratches,Scratches,0.9991
scratches_86.jpg,Scratches,Scratches,0.8268
scratches_93.jpg,Scratches,Scratches,0.9235
scratches_260.jpg,Scratches,Scratches,0.9940
scratches_220.jpg,Scratches,Scratches,0.9974
scratches_137.jpg,Scratches,Scratches,0.9993
scratches_14.jpg,Scratches,Scratches,0.9751
scratches_245.jpg,Scratches,Scratches,0.9515
scratches_29.jpg,Scratches,Scratches,0.9987
scratches_291.jpg,Scratches,Scratches,0.3882
scratches_20.jpg,Scratches,Scratches,0.6758
scratches_240.jpg,Scratches,Scratches,0.9785
scratches_82.jpg,Scratches,Scratches,0.8518
scratches_294.jpg,Scratches,Scratches,0.9983
scratches_215.jpg,Scratches,Scratches,0.9989
scratches_160.jpg,Scratches,Scratches,0.9999
scratches_77.jpg,Scratches,Scratches,0.9930
scratches_88.jpg,Scratches,Scratches,0.4432
scratches_74.jpg,Scratches,Pitted_Surface,0.6265
scratches_12.jpg,Scratches,Scratches,0.9150
scratches_45.jpg,Scratches,Scratches,0.7049
scratches_177.jpg,Scratches,Scratches,0.9993
scratches_203.jpg,Scratches,Scratches,0.9558
scratches_10.jpg,Scratches,Scratches,0.9998
scratches_297.jpg,Scratches,Inclusion,0.6085
scratches_152.jpg,Scratches,Scratches,0.9998
scratches_138.jpg,Scratches,Scratches,0.9988
scratches_170.jpg,Scratches,Scratches,0.8054
scratches_251.jpg,Scratches,Scratches,0.9814
scratches_165.jpg,Scratches,Scratches,0.9986
scratches_300.jpg,Scratches,Scratches,0.7457
scratches_287.jpg,Scratches,Scratches,0.9847
scratches_288.jpg,Scratches,Scratches,0.9657
scratches_87.jpg,Scratches,Inclusion,0.3926
scratches_285.jpg,Scratches,Scratches,0.9455
scratches_169.jpg,Scratches,Scratches,0.9880
scratches_190.jpg,Scratches,Scratches,0.9983
scratches_147.jpg,Scratches,Scratches,0.9998
scratches_102.jpg,Scratches,Scratches,0.8891
scratches_89.jpg,Scratches,Pitted_Surface,0.4504
scratches_84.jpg,Scratches,Scratches,0.5370
scratches_23.jpg,Scratches,Scratches,0.9999
scratches_154.jpg,Scratches,Scratches,0.9995
scratches_133.jpg,Scratches,Scratches,0.9708
scratches_183.jpg,Scratches,Scratches,0.9998
scratches_111.jpg,Scratches,Scratches,0.9994
scratches_272.jpg,Scratches,Scratches,0.9951
scratches_213.jpg,Scratches,Scratches,0.9998
scratches_158.jpg,Scratches,Scratches,0.9988
scratches_227.jpg,Scratches,Scratches,0.9929
scratches_184.jpg,Scratches,Scratches,0.9970
scratches_273.jpg,Scratches,Scratches,0.8203
scratches_94.jpg,Scratches,Scratches,0.8494
scratches_210.jpg,Scratches,Scratches,0.9973
scratches_261.jpg,Scratches,Scratches,0.9544
scratches_282.jpg,Scratches,Scratches,0.9949
scratches_39.jpg,Scratches,Scratches,0.9389
scratches_166.jpg,Scratches,Scratches,1.0000
scratches_299.jpg,Scratches,Scratches,0.9992
scratches_75.jpg,Scratches,Scratches,0.8160
scratches_224.jpg,Scratches,Scratches,0.9986
scratches_185.jpg,Scratches,Scratches,0.9999
scratches_258.jpg,Scratches,Scratches,0.9989
scratches_191.jpg,Scratches,Scratches,0.9999
scratches_70.jpg,Scratches,Inclusion,0.4165
scratches_109.jpg,Scratches,Scratches,0.9882
scratches_218.jpg,Scratches,Scratches,0.9970
scratches_2.jpg,Scratches,Scratches,0.5849
scratches_290.jpg,Scratches,Scratches,0.6114
scratches_24.jpg,Scratches,Scratches,0.9987
scratches_115.jpg,Scratches,Scratches,0.9968
scratches_95.jpg,Scratches,Scratches,0.9202
scratches_72.jpg,Scratches,Scratches,0.4987
scratches_71.jpg,Scratches,Scratches,0.3261
scratches_5.jpg,Scratches,Scratches,0.9951
scratches_62.jpg,Scratches,Scratches,0.5372
scratches_292.jpg,Scratches,Scratches,0.9904
scratches_110.jpg,Scratches,Scratches,0.9999
scratches_66.jpg,Scratches,Scratches,0.6214
scratches_257.jpg,Scratches,Scratches,0.9938
scratches_36.jpg,Scratches,Scratches,0.5882
scratches_212.jpg,Scratches,Scratches,0.9956
scratches_186.jpg,Scratches,Scratches,0.9998
scratches_270.jpg,Scratches,Scratches,0.9927
scratches_43.jpg,Scratches,Inclusion,0.8955
scratches_196.jpg,Scratches,Scratches,0.9981
scratches_141.jpg,Scratches,Scratches,0.9988
scratches_173.jpg,Scratches,Scratches,0.9935
scratches_117.jpg,Scratches,Scratches,0.9995
scratches_112.jpg,Scratches,Scratches,0.9920
scratches_3.jpg,Scratches,Scratches,0.9095
scratches_198.jpg,Scratches,Scratches,0.9935
scratches_9.jpg,Scratches,Scratches,0.9994
scratches_255.jpg,Scratches,Scratches,0.9849
scratches_144.jpg,Scratches,Scratches,0.9984
scratches_61.jpg,Scratches,Pitted_Surface,0.3470
scratches_16.jpg,Scratches,Scratches,0.7649
scratches_232.jpg,Scratches,Scratches,0.9890
scratches_208.jpg,Scratches,Scratches,0.9339
scratches_225.jpg,Scratches,Scratches,0.9828
scratches_151.jpg,Scratches,Scratches,0.9951
scratches_108.jpg,Scratches,Scratches,0.9917
scratches_128.jpg,Scratches,Scratches,0.9989
scratches_135.jpg,Scratches,Scratches,0.9949
scratches_56.jpg,Scratches,Scratches,0.9252
scratches_195.jpg,Scratches,Scratches,0.9893
scratches_235.jpg,Scratches,Scratches,0.5366
scratches_298.jpg,Scratches,Scratches,0.9799
scratches_1.jpg,Scratches,Scratches,0.8226
scratches_131.jpg,Scratches,Scratches,0.9868
scratches_262.jpg,Scratches,Scratches,0.7985
scratches_59.jpg,Scratches,Scratches,0.4144
scratches_53.jpg,Scratches,Scratches,0.6639
scratches_55.jpg,Scratches,Scratches,0.9938
scratches_244.jpg,Scratches,Scratches,0.9843
scratches_65.jpg,Scratches,Pitted_Surface,0.4379
scratches_105.jpg,Scratches,Scratches,0.7830
scratches_226.jpg,Scratches,Scratches,0.9971
scratches_143.jpg,Scratches,Scratches,0.9994
scratches_81.jpg,Scratches,Scratches,0.7717
scratches_167.jpg,Scratches,Scratches,0.9953
scratches_142.jpg,Scratches,Scratches,0.9984
scratches_122.jpg,Scratches,Scratches,0.9988
scratches_180.jpg,Scratches,Scratches,0.9993
scratches_7.jpg,Scratches,Scratches,0.9999
scratches_116.jpg,Scratches,Scratches,0.9994
scratches_114.jpg,Scratches,Scratches,0.9990
scratches_174.jpg,Scratches,Scratches,0.9983
scratches_178.jpg,Scratches,Scratches,0.9999
scratches_209.jpg,Scratches,Scratches,0.9840
scratches_182.jpg,Scratches,Scratches,0.9775
scratches_51.jpg,Scratches,Scratches,0.9460
scratches_28.jpg,Scratches,Scratches,0.7751
scratches_230.jpg,Scratches,Scratches,0.9997
scratches_275.jpg,Scratches,Scratches,0.9995
scratches_118.jpg,Scratches,Scratches,0.9991
scratches_274.jpg,Scratches,Scratches,0.9963
scratches_231.jpg,Scratches,Scratches,0.9929
scratches_289.jpg,Scratches,Scratches,0.8858
scratches_249.jpg,Scratches,Scratches,0.9941
scratches_54.jpg,Scratches,Scratches,0.8747
scratches_41.jpg,Scratches,Scratches,0.9614
scratches_132.jpg,Scratches,Scratches,0.9768
scratches_25.jpg,Scratches,Scratches,0.9999
scratches_50.jpg,Scratches,Scratches,0.9139
scratches_15.jpg,Scratches,Scratches,0.9921
scratches_164.jpg,Scratches,Scratches,0.9974
scratches_179.jpg,Scratches,Scratches,0.9991
